query,query_type,intent_class,recommended_page,confidence
"seo services norwich",ai_prompt,local_hire,https://nrlc.ai/en-gb/services/local-seo-ai/norwich/,high
"norwich seo services",ai_prompt,local_hire,https://nrlc.ai/en-gb/services/local-seo-ai/norwich/,high
"seo services stoke on trent",ai_prompt,local_hire,https://nrlc.ai/en-gb/services/local-seo-ai/stoke-on-trent/,high
"open source seo tools",ai_prompt,tool_or_service_lookup,https://nrlc.ai/en-us/services/json-ld-strategy/,medium
"link building strategies in southampton",ai_prompt,local_hire,https://nrlc.ai/en-gb/services/local-seo-ai/southampton/,high
"seo services sheffield",ai_prompt,local_hire,https://nrlc.ai/en-gb/services/local-seo-ai/sheffield/,high
"copilot seo tracker",ai_prompt,hire_recommendation,https://nrlc.ai/en-us/ai-visibility/,medium
"search engine optimisation companies derby",ai_prompt,local_hire,https://nrlc.ai/en-gb/services/local-seo-ai/derby/,high
"seo services stoke-on-trent",ai_prompt,local_hire,https://nrlc.ai/en-gb/services/local-seo-ai/stoke-on-trent/,high
"technical seo in huddersfield",ai_prompt,local_hire,https://nrlc.ai/en-gb/services/local-seo-ai/huddersfield/,high
"track perplexity mentions continuously",ai_prompt,hire_recommendation,https://nrlc.ai/en-us/ai-visibility/,medium
"virginia beach conversion rate optimization services",ai_prompt,local_hire,https://nrlc.ai/en-us/services/local-seo-ai/virginia-beach/,high
"seo services halifax",ai_prompt,local_hire,https://nrlc.ai/en-gb/services/local-seo-ai/halifax/,high
"seo companies in huddersfield",ai_prompt,local_hire,https://nrlc.ai/en-gb/services/local-seo-ai/huddersfield/,high
"technical seo in middlesbrough",ai_prompt,local_hire,https://nrlc.ai/en-gb/services/local-seo-ai/middlesbrough/,high
"claude seo agency melbourne",ai_prompt,hire_recommendation,https://nrlc.ai/en-us/ai-visibility/,medium
"seo companies huddersfield",ai_prompt,local_hire,https://nrlc.ai/en-gb/services/local-seo-ai/huddersfield/,high
"seo services huddersfield",ai_prompt,local_hire,https://nrlc.ai/en-gb/services/local-seo-ai/huddersfield/,high
"seo services middlesbrough",ai_prompt,local_hire,https://nrlc.ai/en-gb/services/local-seo-ai/middlesbrough/,high
"seo services northampton",ai_prompt,local_hire,https://nrlc.ai/en-gb/services/local-seo-ai/northampton/,high
"generative ai content optimization in houston",ai_prompt,local_hire,https://nrlc.ai/en-us/services/local-seo-ai/houston/,high
"long beach conversion rate optimization services",ai_prompt,local_hire,https://nrlc.ai/en-us/services/local-seo-ai/long-beach/,high
"perplexity search optimisation service near me",ai_prompt,hire_recommendation,https://nrlc.ai/en-us/ai-visibility/,medium
"tracking seo api los angeles, ca",ai_prompt,tool_or_service_lookup,https://nrlc.ai/en-us/services/json-ld-strategy/,medium
"seo search engine optimisation in huddersfield",ai_prompt,local_hire,https://nrlc.ai/en-gb/services/local-seo-ai/huddersfield/,high
"seo services blackpool",ai_prompt,local_hire,https://nrlc.ai/en-gb/services/local-seo-ai/blackpool/,high
"claude optimization services",ai_prompt,hire_recommendation,https://nrlc.ai/en-us/ai-visibility/,medium
"technical seo in peterborough",ai_prompt,local_hire,https://nrlc.ai/en-gb/services/local-seo-ai/peterborough/,high
"local seo service in oldham",ai_prompt,local_hire,https://nrlc.ai/en-gb/services/local-seo-ai/oldham/,high
"colorado springs conversion rate optimization services",ai_prompt,local_hire,https://nrlc.ai/en-us/services/local-seo-ai/colorado-springs/,high
"seo companies norwich",ai_prompt,local_hire,https://nrlc.ai/en-gb/services/local-seo-ai/norwich/,high
"linkbuilding services barrie",ai_prompt,local_hire,https://nrlc.ai/en-us/services/local-seo-ai/barrie/,high
"schema markup jacksonville",ai_prompt,tool_or_service_lookup,https://nrlc.ai/en-us/services/json-ld-strategy/,medium
"perplexity seo agency melbourne",ai_prompt,hire_recommendation,https://nrlc.ai/en-us/ai-visibility/,medium
"seo services peterborough",ai_prompt,local_hire,https://nrlc.ai/en-gb/services/local-seo-ai/peterborough/,high
"seo tools open source",ai_prompt,tool_or_service_lookup,https://nrlc.ai/en-us/services/json-ld-strategy/,medium
"best generative seo agency in houston",ai_prompt,local_hire,https://nrlc.ai/en-us/services/local-seo-ai/houston/,high
"chatgpt ranking optimisation service near me",ai_prompt,hire_recommendation,https://nrlc.ai/en-us/ai-visibility/,medium
"technical seo in northampton",ai_prompt,local_hire,https://nrlc.ai/en-gb/services/local-seo-ai/northampton/,high
"open source seo tool",ai_prompt,tool_or_service_lookup,https://nrlc.ai/en-us/services/json-ld-strategy/,medium
"monthly seo service stoke-on-trent",ai_prompt,local_hire,https://nrlc.ai/en-gb/services/local-seo-ai/stoke-on-trent/,high
"best chatgpt optimisation company near me",ai_prompt,hire_recommendation,https://nrlc.ai/en-us/ai-visibility/,medium
"best seo ontario claude",ai_prompt,hire_recommendation,https://nrlc.ai/en-us/ai-visibility/,medium
"search engine optimisation companies norwich",ai_prompt,local_hire,https://nrlc.ai/en-gb/services/local-seo-ai/norwich/,high
"expert seo in oldham",ai_prompt,local_hire,https://nrlc.ai/en-gb/services/local-seo-ai/oldham/,high
"ai search agency in singapore",ai_prompt,hire_recommendation,https://nrlc.ai/en-us/ai-visibility/,medium
"google ai overview optimization san antonio",ai_prompt,local_hire,https://nrlc.ai/en-us/services/local-seo-ai/san-antonio/,medium
"technical seo in plymouth",ai_prompt,local_hire,https://nrlc.ai/en-gb/services/local-seo-ai/plymouth/,high
"seo company in norwich",ai_prompt,local_hire,https://nrlc.ai/en-gb/services/local-seo-ai/norwich/,high
"technical seo in cambridge",ai_prompt,hire_recommendation,https://nrlc.ai/en-us/ai-visibility/,medium
"technical seo in norwich",ai_prompt,local_hire,https://nrlc.ai/en-gb/services/local-seo-ai/norwich/,high
"technical seo in leicester",ai_prompt,local_hire,https://nrlc.ai/en-gb/services/local-seo-ai/leicester/,high
"ai search results in okc",ai_prompt,local_hire,https://nrlc.ai/en-us/services/local-seo-ai/okc/,high
"technical seo services newcastle",ai_prompt,local_hire,https://nrlc.ai/en-gb/services/local-seo-ai/newcastle/,high
"chatgpt seo san antonio",ai_prompt,local_hire,https://nrlc.ai/en-us/services/local-seo-ai/san-antonio/,medium
"nashville conversion rate optimization services",ai_prompt,local_hire,https://nrlc.ai/en-us/services/local-seo-ai/nashville/,high
"organic seo in stoke on trent",ai_prompt,local_hire,https://nrlc.ai/en-gb/services/local-seo-ai/stoke-on-trent/,high
"technical seo in derby",ai_prompt,local_hire,https://nrlc.ai/en-gb/services/local-seo-ai/derby/,high
"seo services detroit",ai_prompt,local_hire,https://nrlc.ai/en-us/services/local-seo-ai/detroit/,high
"generative engine optimization (geo) in kansas city",ai_prompt,local_hire,https://nrlc.ai/en-us/services/local-seo-ai/kansas-city/,high
"conversion rate optimisation services stockport",ai_prompt,local_hire,https://nrlc.ai/en-gb/services/local-seo-ai/stockport/,high
"voice agent implementation in kansas city",ai_prompt,local_hire,https://nrlc.ai/en-us/services/local-seo-ai/kansas-city/,high
"analytics seo api san francisco, ca",ai_prompt,tool_or_service_lookup,https://nrlc.ai/en-us/services/json-ld-strategy/,medium
"omaha conversion rate optimization services",ai_prompt,local_hire,https://nrlc.ai/en-us/services/local-seo-ai/omaha/,high
"albuquerque conversion rate optimization services",ai_prompt,local_hire,https://nrlc.ai/en-us/services/local-seo-ai/albuquerque/,high
"search engine optimisation in southport",ai_prompt,local_hire,https://nrlc.ai/en-gb/services/local-seo-ai/southport/,high
"technical seo services nottingham",ai_prompt,local_hire,https://nrlc.ai/en-gb/services/local-seo-ai/nottingham/,high
"detroit conversion rate optimization services",ai_prompt,local_hire,https://nrlc.ai/en-us/services/local-seo-ai/detroit/,high
"chatgpt visibility help for business in kansas city",ai_prompt,local_hire,https://nrlc.ai/en-us/services/local-seo-ai/kansas-city/,high
"seo services kelowna",ai_prompt,local_hire,https://nrlc.ai/en-us/services/local-seo-ai/kelowna/,high
"expert seo in middlesbrough",ai_prompt,local_hire,https://nrlc.ai/en-gb/services/local-seo-ai/middlesbrough/,high
"local seo service in huddersfield",ai_prompt,local_hire,https://nrlc.ai/en-gb/services/local-seo-ai/huddersfield/,high
"technical seo in coventry",ai_prompt,local_hire,https://nrlc.ai/en-gb/services/local-seo-ai/coventry/,high
"mobile seo services chicago",ai_prompt,local_hire,https://nrlc.ai/en-us/services/local-seo-ai/chicago/,high
"seo conference in northampton",ai_prompt,local_hire,https://nrlc.ai/en-gb/services/local-seo-ai/northampton/,high
"local seo agency in oldham",ai_prompt,local_hire,https://nrlc.ai/en-gb/services/local-seo-ai/oldham/,high
"copilot optimisation services",ai_prompt,hire_recommendation,https://nrlc.ai/en-us/ai-visibility/,medium
"copilot services chicago",ai_prompt,local_hire,https://nrlc.ai/en-us/services/local-seo-ai/chicago/,high
"seo services wolverhampton",ai_prompt,local_hire,https://nrlc.ai/en-gb/services/local-seo-ai/wolverhampton/,high
"copilot seo trackers",ai_prompt,hire_recommendation,https://nrlc.ai/en-us/ai-visibility/,medium
"best local seo in oldham",ai_prompt,local_hire,https://nrlc.ai/en-gb/services/local-seo-ai/oldham/,high
"citations in llm",ai_prompt,hire_recommendation,https://nrlc.ai/en-us/ai-visibility/,medium
"search engine optimization in southampton",ai_prompt,local_hire,https://nrlc.ai/en-gb/services/local-seo-ai/southampton/,high
"oakland conversion rate optimization services",ai_prompt,local_hire,https://nrlc.ai/en-us/services/local-seo-ai/oakland/,high
"seo specialists in oldham",ai_prompt,local_hire,https://nrlc.ai/en-gb/services/local-seo-ai/oldham/,high
"google search seo in huddersfield",ai_prompt,local_hire,https://nrlc.ai/en-gb/services/local-seo-ai/huddersfield/,high
"raleigh conversion rate optimization services",ai_prompt,local_hire,https://nrlc.ai/en-us/services/local-seo-ai/raleigh/,high
"seo services oshawa",ai_prompt,local_hire,https://nrlc.ai/en-us/services/local-seo-ai/oshawa/,high
"seo company in derby",ai_prompt,local_hire,https://nrlc.ai/en-gb/services/local-seo-ai/derby/,high
"charlotte conversion rate optimization services",ai_prompt,local_hire,https://nrlc.ai/en-us/services/local-seo-ai/charlotte/,high
"api seo chicago, il",ai_prompt,tool_or_service_lookup,https://nrlc.ai/en-us/services/json-ld-strategy/,medium
"tucson conversion rate optimization services",ai_prompt,local_hire,https://nrlc.ai/en-us/services/local-seo-ai/tucson/,high
"seo conference in coventry",ai_prompt,local_hire,https://nrlc.ai/en-gb/services/local-seo-ai/coventry/,high
"best ai citation optimization agencies near me",ai_prompt,hire_recommendation,https://nrlc.ai/en-us/ai-visibility/,medium
"specialist local seo agency in middlesbrough",ai_prompt,local_hire,https://nrlc.ai/en-gb/services/local-seo-ai/middlesbrough/,high
"ai implementation kansas city",ai_prompt,tool_or_service_lookup,https://nrlc.ai/en-us/services/json-ld-strategy/,medium
"competitive analysis services in san antonio",ai_prompt,local_hire,https://nrlc.ai/en-us/services/local-seo-ai/san-antonio/,high
"link building services in san antonio",ai_prompt,local_hire,https://nrlc.ai/en-us/services/local-seo-ai/san-antonio/,high
"claude seo consultancy",ai_prompt,hire_recommendation,https://nrlc.ai/en-us/ai-visibility/,medium
"claude seo services",ai_prompt,hire_recommendation,https://nrlc.ai/en-us/ai-visibility/,medium
"expert seo company in huddersfield",ai_prompt,local_hire,https://nrlc.ai/en-gb/services/local-seo-ai/huddersfield/,high
"guelph seo services",ai_prompt,local_hire,https://nrlc.ai/en-us/services/local-seo-ai/guelph/,high
"local seo service in plymouth",ai_prompt,local_hire,https://nrlc.ai/en-gb/services/local-seo-ai/plymouth/,high
"technical seo in nottingham",ai_prompt,local_hire,https://nrlc.ai/en-gb/services/local-seo-ai/nottingham/,high
"google search seo in oldham",ai_prompt,local_hire,https://nrlc.ai/en-gb/services/local-seo-ai/oldham/,high
"seo search engine optimisation in peterborough",ai_prompt,local_hire,https://nrlc.ai/en-gb/services/local-seo-ai/peterborough/,high
"seo services kobe",ai_prompt,hire_recommendation,https://nrlc.ai/en-us/ai-visibility/,medium
"analyticsseo api san diego, ca",ai_prompt,tool_or_service_lookup,https://nrlc.ai/en-us/services/json-ld-strategy/,medium
"seo formation in los angeles",ai_prompt,local_hire,https://nrlc.ai/en-us/services/local-seo-ai/los-angeles/,high
"best local seo companies in oldham",ai_prompt,local_hire,https://nrlc.ai/en-gb/services/local-seo-ai/oldham/,high
"seo companies northampton",ai_prompt,local_hire,https://nrlc.ai/en-gb/services/local-seo-ai/northampton/,high
"seo audit services birmingham",ai_prompt,local_hire,https://nrlc.ai/en-gb/services/local-seo-ai/birmingham/,high
"llmo services",ai_prompt,hire_recommendation,https://nrlc.ai/en-us/ai-visibility/,medium
"seo in stoke on trent",ai_prompt,local_hire,https://nrlc.ai/en-gb/services/local-seo-ai/stoke-on-trent/,high
"google ai overview optimization austin",ai_prompt,local_hire,https://nrlc.ai/en-us/services/local-seo-ai/austin/,medium
"entity optimisation services",ai_prompt,hire_recommendation,https://nrlc.ai/en-us/ai-visibility/,medium
"san jose conversion rate optimization services",ai_prompt,local_hire,https://nrlc.ai/en-us/services/local-seo-ai/san-jose/,high
"ai seo services dallas",ai_prompt,local_hire,https://nrlc.ai/en-us/services/local-seo-ai/dallas/,high
"seo gap analysis service stockport",ai_prompt,local_hire,https://nrlc.ai/en-gb/services/local-seo-ai/stockport/,high
"generative engine optimization in singapore",ai_prompt,hire_recommendation,https://nrlc.ai/en-us/ai-visibility/,medium
"specialist local seo agency in oldham",ai_prompt,local_hire,https://nrlc.ai/en-gb/services/local-seo-ai/oldham/,high
"best local seo in middlesbrough",ai_prompt,local_hire,https://nrlc.ai/en-gb/services/local-seo-ai/middlesbrough/,high
"seo services guelph",ai_prompt,local_hire,https://nrlc.ai/en-us/services/local-seo-ai/guelph/,high
"search engine optimisation in southend-on-sea",ai_prompt,local_hire,https://nrlc.ai/en-gb/services/local-seo-ai/southend-on-sea/,high
"seo services for business in oldham",ai_prompt,local_hire,https://nrlc.ai/en-gb/services/local-seo-ai/oldham/,high
"seo expert in oldham",ai_prompt,local_hire,https://nrlc.ai/en-gb/services/local-seo-ai/oldham/,high
"seo in windsor",ai_prompt,local_hire,https://nrlc.ai/en-us/services/local-seo-ai/windsor/,high
"competitor analysis for local ai services providers in toronto",ai_prompt,hire_recommendation,https://nrlc.ai/en-us/ai-visibility/,medium
"international seo services derby",ai_prompt,local_hire,https://nrlc.ai/en-gb/services/local-seo-ai/derby/,high
"seo conference in plymouth",ai_prompt,local_hire,https://nrlc.ai/en-gb/services/local-seo-ai/plymouth/,high
"ai optimization in singapore",ai_prompt,hire_recommendation,https://nrlc.ai/en-us/ai-visibility/,medium
"best local seo in coventry",ai_prompt,local_hire,https://nrlc.ai/en-gb/services/local-seo-ai/coventry/,high
"seo company in southend",ai_prompt,hire_recommendation,https://nrlc.ai/en-us/ai-visibility/,medium
"expert seo in huddersfield",ai_prompt,local_hire,https://nrlc.ai/en-gb/services/local-seo-ai/huddersfield/,high
"oshawa seo services",ai_prompt,local_hire,https://nrlc.ai/en-us/services/local-seo-ai/oshawa/,high
"ecommerce seo services nottingham",ai_prompt,local_hire,https://nrlc.ai/en-gb/services/local-seo-ai/nottingham/,high
"seo in huddersfield",ai_prompt,local_hire,https://nrlc.ai/en-gb/services/local-seo-ai/huddersfield/,high
"chatgpt visibility strategies for businesses kansas city",ai_prompt,local_hire,https://nrlc.ai/en-us/services/local-seo-ai/kansas-city/,medium
"link building services nottingham",ai_prompt,local_hire,https://nrlc.ai/en-gb/services/local-seo-ai/nottingham/,high
"louisville conversion rate optimization services",ai_prompt,local_hire,https://nrlc.ai/en-us/services/local-seo-ai/louisville/,high
"el paso conversion rate optimization services",ai_prompt,local_hire,https://nrlc.ai/en-us/services/local-seo-ai/el-paso/,high
"columbus conversion rate optimization services",ai_prompt,local_hire,https://nrlc.ai/en-us/services/local-seo-ai/columbus/,high
"conversion rate optimization services charlotte",ai_prompt,local_hire,https://nrlc.ai/en-us/services/local-seo-ai/charlotte/,high
"website audit in chicago",ai_prompt,local_hire,https://nrlc.ai/en-us/services/local-seo-ai/chicago/,high
"local seo service in northampton",ai_prompt,local_hire,https://nrlc.ai/en-gb/services/local-seo-ai/northampton/,high
"basic seo in huddersfield",ai_prompt,local_hire,https://nrlc.ai/en-gb/services/local-seo-ai/huddersfield/,high
"ottawa seo services",ai_prompt,local_hire,https://nrlc.ai/en-us/services/local-seo-ai/ottawa/,high
"seo service belfast",ai_prompt,local_hire,https://nrlc.ai/en-gb/services/local-seo-ai/belfast/,high
"ai as a service kansas city",ai_prompt,local_hire,https://nrlc.ai/en-us/services/local-seo-ai/kansas-city/,high
"ai implementation kc",ai_prompt,tool_or_service_lookup,https://nrlc.ai/en-us/services/json-ld-strategy/,medium
"link building services barrie",ai_prompt,local_hire,https://nrlc.ai/en-us/services/local-seo-ai/barrie/,high
"search engine optimisation in sudbury",ai_prompt,local_hire,https://nrlc.ai/en-us/services/local-seo-ai/sudbury/,high
"get a quote for voice search optimization in san antonio",ai_prompt,local_hire,https://nrlc.ai/en-us/services/local-seo-ai/san-antonio/,high
"ai seo agency in houston with proven results",ai_prompt,local_hire,https://nrlc.ai/en-us/services/local-seo-ai/houston/,high
"ai seo services san diego",ai_prompt,local_hire,https://nrlc.ai/en-us/services/local-seo-ai/san-diego/,high
"seo services in oldham",ai_prompt,local_hire,https://nrlc.ai/en-gb/services/local-seo-ai/oldham/,high
"expert seo company in oldham",ai_prompt,local_hire,https://nrlc.ai/en-gb/services/local-seo-ai/oldham/,high
"best local seo companies in middlesbrough",ai_prompt,local_hire,https://nrlc.ai/en-gb/services/local-seo-ai/middlesbrough/,high
"local seo service in coventry",ai_prompt,local_hire,https://nrlc.ai/en-gb/services/local-seo-ai/coventry/,high
"google seo services in huddersfield",ai_prompt,local_hire,https://nrlc.ai/en-gb/services/local-seo-ai/huddersfield/,high
"search engine optimisation in blackpool",ai_prompt,local_hire,https://nrlc.ai/en-gb/services/local-seo-ai/blackpool/,high
"seo search engine optimisation in middlesbrough",ai_prompt,local_hire,https://nrlc.ai/en-gb/services/local-seo-ai/middlesbrough/,high
"chicago technical seo services",ai_prompt,local_hire,https://nrlc.ai/en-us/services/local-seo-ai/chicago/,high
"seo in northampton",ai_prompt,local_hire,https://nrlc.ai/en-gb/services/local-seo-ai/northampton/,high
"ai search services in dallas",ai_prompt,local_hire,https://nrlc.ai/en-us/services/local-seo-ai/dallas/,high
"seo course in detroit",ai_prompt,local_hire,https://nrlc.ai/en-us/services/local-seo-ai/detroit/,high
"stockport authority link building service",ai_prompt,local_hire,https://nrlc.ai/en-gb/services/local-seo-ai/stockport/,high
"memphis conversion rate optimization services",ai_prompt,local_hire,https://nrlc.ai/en-us/services/local-seo-ai/memphis/,high
"entity optimization services",ai_prompt,hire_recommendation,https://nrlc.ai/en-us/ai-visibility/,medium
"conversion tracking leicester",ai_prompt,tool_or_service_lookup,https://nrlc.ai/en-us/services/json-ld-strategy/,medium
"minneapolis conversion rate optimization services",ai_prompt,local_hire,https://nrlc.ai/en-us/services/local-seo-ai/minneapolis/,high
"denver technical seo services",ai_prompt,local_hire,https://nrlc.ai/en-us/services/local-seo-ai/denver/,high
"kingston website audit services",ai_prompt,local_hire,https://nrlc.ai/en-us/services/local-seo-ai/kingston/,high
"seo optimization services stockport",ai_prompt,local_hire,https://nrlc.ai/en-gb/services/local-seo-ai/stockport/,high
"seo services colorado springs",ai_prompt,local_hire,https://nrlc.ai/en-us/services/local-seo-ai/colorado-springs/,high
"seo service windsor",ai_prompt,local_hire,https://nrlc.ai/en-us/services/local-seo-ai/windsor/,high
"seo services in bristol",ai_prompt,hire_recommendation,https://nrlc.ai/en-us/ai-visibility/,medium
"google search seo in middlesbrough",ai_prompt,local_hire,https://nrlc.ai/en-gb/services/local-seo-ai/middlesbrough/,high
"seo services for business in coventry",ai_prompt,local_hire,https://nrlc.ai/en-gb/services/local-seo-ai/coventry/,high
"are there any kansas city-focused business listing tools that improve 
rankings in ai and llm search results?",ai_prompt,local_hire,https://nrlc.ai/en-us/services/local-seo-ai/kansas-city/,high
"schema markup colorado springs",ai_prompt,tool_or_service_lookup,https://nrlc.ai/en-us/services/json-ld-strategy/,medium
"kansas city conversion rate optimization services",ai_prompt,local_hire,https://nrlc.ai/en-us/services/local-seo-ai/kansas-city/,high
"schema markup kansas",ai_prompt,tool_or_service_lookup,https://nrlc.ai/en-us/services/json-ld-strategy/,medium
"sacramento conversion rate optimization services",ai_prompt,local_hire,https://nrlc.ai/en-us/services/local-seo-ai/sacramento/,high
"technical seo audit services san francisco",ai_prompt,local_hire,https://nrlc.ai/en-us/services/local-seo-ai/san-francisco/,high
"services d'impl√©mentation json-ld",ai_prompt,hire_recommendation,https://nrlc.ai/en-us/ai-visibility/,medium
"b2b seo services chicago",ai_prompt,local_hire,https://nrlc.ai/en-us/services/local-seo-ai/chicago/,high
"local seo agency in huddersfield",ai_prompt,local_hire,https://nrlc.ai/en-gb/services/local-seo-ai/huddersfield/,high
"it infrastructure optimization in san diego",ai_prompt,local_hire,https://nrlc.ai/en-us/services/local-seo-ai/san-diego/,high
"google search seo in peterborough",ai_prompt,local_hire,https://nrlc.ai/en-gb/services/local-seo-ai/peterborough/,high
"google search seo in norwich",ai_prompt,local_hire,https://nrlc.ai/en-gb/services/local-seo-ai/norwich/,high
"seo experts in oldham",ai_prompt,local_hire,https://nrlc.ai/en-gb/services/local-seo-ai/oldham/,high
"local seo in stoke-on-trent",ai_prompt,local_hire,https://nrlc.ai/en-gb/services/local-seo-ai/stoke-on-trent/,high
"seo company in huddersfield",ai_prompt,local_hire,https://nrlc.ai/en-gb/services/local-seo-ai/huddersfield/,high
"ai-powered seo services charlotte nc",ai_prompt,local_hire,https://nrlc.ai/en-us/services/local-seo-ai/charlotte/,high
"seo services coventry",ai_prompt,local_hire,https://nrlc.ai/en-gb/services/local-seo-ai/coventry/,high
"seo services saskatoon",ai_prompt,local_hire,https://nrlc.ai/en-us/services/local-seo-ai/saskatoon/,high
"search generative experience in okc",ai_prompt,local_hire,https://nrlc.ai/en-us/services/local-seo-ai/okc/,high
"""ai search tools""",ai_prompt,tool_or_service_lookup,https://nrlc.ai/en-us/services/json-ld-strategy/,medium
"seo training in detroit",ai_prompt,local_hire,https://nrlc.ai/en-us/services/local-seo-ai/detroit/,high
"consulting services kansas city large language models business visibility",ai_prompt,local_hire,https://nrlc.ai/en-us/services/local-seo-ai/kansas-city/,high
"rank tracking cloud san diego, ca",ai_prompt,tool_or_service_lookup,https://nrlc.ai/en-us/services/json-ld-strategy/,medium
"perplexity optimisation services",ai_prompt,hire_recommendation,https://nrlc.ai/en-us/ai-visibility/,medium
"copilot nashville",ai_prompt,local_hire,https://nrlc.ai/en-us/services/local-seo-ai/nashville/,medium
"oklahoma city conversion rate optimization services",ai_prompt,local_hire,https://nrlc.ai/en-us/services/local-seo-ai/oklahoma-city/,high
"website audit services nashville",ai_prompt,local_hire,https://nrlc.ai/en-us/services/local-seo-ai/nashville/,high
"jacksonville conversion rate optimization services",ai_prompt,local_hire,https://nrlc.ai/en-us/services/local-seo-ai/jacksonville/,high
"seo tools new orleans",ai_prompt,tool_or_service_lookup,https://nrlc.ai/en-us/services/json-ld-strategy/,medium
"how ai improves seo for charlotte websites",ai_prompt,explanatory,https://nrlc.ai/en-us/ai-visibility/,medium
"local seo services southend",ai_prompt,hire_recommendation,https://nrlc.ai/en-us/ai-visibility/,medium
"seo audit services raleigh",ai_prompt,local_hire,https://nrlc.ai/en-us/services/local-seo-ai/raleigh/,high
"b2b seo services london",ai_prompt,local_hire,https://nrlc.ai/en-gb/services/local-seo-ai/london/,high
"llm link citation tracking",ai_prompt,tool_or_service_lookup,https://nrlc.ai/en-us/services/json-ld-strategy/,medium
"local seo service in nottingham",ai_prompt,local_hire,https://nrlc.ai/en-gb/services/local-seo-ai/nottingham/,high
"google search seo in derby",ai_prompt,local_hire,https://nrlc.ai/en-gb/services/local-seo-ai/derby/,high
"google seo services in oldham",ai_prompt,local_hire,https://nrlc.ai/en-gb/services/local-seo-ai/oldham/,high
"best local seo in peterborough",ai_prompt,local_hire,https://nrlc.ai/en-gb/services/local-seo-ai/peterborough/,high
"website seo in oldham",ai_prompt,local_hire,https://nrlc.ai/en-gb/services/local-seo-ai/oldham/,high
"seo services derby",ai_prompt,local_hire,https://nrlc.ai/en-gb/services/local-seo-ai/derby/,high
"seo services in glasgow",ai_prompt,local_hire,https://nrlc.ai/en-gb/services/local-seo-ai/glasgow/,high
"seo consultant in sheffield",ai_prompt,local_hire,https://nrlc.ai/en-gb/services/local-seo-ai/sheffield/,high
"seo services barrie",ai_prompt,local_hire,https://nrlc.ai/en-us/services/local-seo-ai/barrie/,high
"copilot seo tool",ai_prompt,tool_or_service_lookup,https://nrlc.ai/en-us/services/json-ld-strategy/,medium
"seo expert in huddersfield",ai_prompt,local_hire,https://nrlc.ai/en-gb/services/local-seo-ai/huddersfield/,high
"seo company in barrie",ai_prompt,local_hire,https://nrlc.ai/en-us/services/local-seo-ai/barrie/,high
"looking for a chatgpt consultant to boost visibility for contractors.",ai_prompt,hire_recommendation,https://nrlc.ai/en-us/ai-visibility/contractor/,high
"link building services raleigh",ai_prompt,local_hire,https://nrlc.ai/en-us/services/local-seo-ai/raleigh/,high
"seo classes in detroit",ai_prompt,local_hire,https://nrlc.ai/en-us/services/local-seo-ai/detroit/,high
"seo training services norwich",ai_prompt,local_hire,https://nrlc.ai/en-gb/services/local-seo-ai/norwich/,high
"portland conversion rate optimization services",ai_prompt,local_hire,https://nrlc.ai/en-us/services/local-seo-ai/portland/,high
"conversion optimization services denver",ai_prompt,local_hire,https://nrlc.ai/en-us/services/local-seo-ai/denver/,high
"fort worth conversion rate optimization services",ai_prompt,local_hire,https://nrlc.ai/en-us/services/local-seo-ai/fort-worth/,high
"search engine optimization service omaha",ai_prompt,local_hire,https://nrlc.ai/en-us/services/local-seo-ai/omaha/,high
"fresno conversion rate optimization services",ai_prompt,local_hire,https://nrlc.ai/en-us/services/local-seo-ai/fresno/,high
"chatgpt seo los angeles",ai_prompt,local_hire,https://nrlc.ai/en-us/services/local-seo-ai/los-angeles/,medium
"all new seo company in oldham",ai_prompt,local_hire,https://nrlc.ai/en-gb/services/local-seo-ai/oldham/,high
"seo services ottawa",ai_prompt,local_hire,https://nrlc.ai/en-us/services/local-seo-ai/ottawa/,high
"perplexity seo agency",ai_prompt,hire_recommendation,https://nrlc.ai/en-us/ai-visibility/,medium
"analytics seo api san francisco",ai_prompt,tool_or_service_lookup,https://nrlc.ai/en-us/services/json-ld-strategy/,medium
"e-commerce seo services leeds",ai_prompt,local_hire,https://nrlc.ai/en-gb/services/local-seo-ai/leeds/,high
"best local seo in huddersfield",ai_prompt,local_hire,https://nrlc.ai/en-gb/services/local-seo-ai/huddersfield/,high
"seo company in northampton",ai_prompt,local_hire,https://nrlc.ai/en-gb/services/local-seo-ai/northampton/,high
"seo audit services stockport",ai_prompt,local_hire,https://nrlc.ai/en-gb/services/local-seo-ai/stockport/,high
"seo competition tracking chicago, il",ai_prompt,tool_or_service_lookup,https://nrlc.ai/en-us/services/json-ld-strategy/,medium
"all seo agency in oldham",ai_prompt,local_hire,https://nrlc.ai/en-gb/services/local-seo-ai/oldham/,high
"seo services for business in middlesbrough",ai_prompt,local_hire,https://nrlc.ai/en-gb/services/local-seo-ai/middlesbrough/,high
"kelowna seo services",ai_prompt,local_hire,https://nrlc.ai/en-us/services/local-seo-ai/kelowna/,high
"local seo service in middlesbrough",ai_prompt,local_hire,https://nrlc.ai/en-gb/services/local-seo-ai/middlesbrough/,high
"seo services in coventry",ai_prompt,local_hire,https://nrlc.ai/en-gb/services/local-seo-ai/coventry/,high
"technical seo in cardiff",ai_prompt,local_hire,https://nrlc.ai/en-gb/services/local-seo-ai/cardiff/,high
"ecommerce seo services derby",ai_prompt,local_hire,https://nrlc.ai/en-gb/services/local-seo-ai/derby/,high
"seo services in northampton",ai_prompt,local_hire,https://nrlc.ai/en-gb/services/local-seo-ai/northampton/,high
"copilot seo",ai_prompt,hire_recommendation,https://nrlc.ai/en-us/ai-visibility/,medium
"san diego ai seo services",ai_prompt,local_hire,https://nrlc.ai/en-us/services/local-seo-ai/san-diego/,high
"northampton seo services",ai_prompt,local_hire,https://nrlc.ai/en-gb/services/local-seo-ai/northampton/,high
"google seo services in middlesbrough",ai_prompt,local_hire,https://nrlc.ai/en-gb/services/local-seo-ai/middlesbrough/,high
"seo in oldham",ai_prompt,local_hire,https://nrlc.ai/en-gb/services/local-seo-ai/oldham/,high
"google search seo in leeds",ai_prompt,local_hire,https://nrlc.ai/en-gb/services/local-seo-ai/leeds/,high
"specialist local seo agency in norwich",ai_prompt,local_hire,https://nrlc.ai/en-gb/services/local-seo-ai/norwich/,high
"international seo services manchester",ai_prompt,local_hire,https://nrlc.ai/en-gb/services/local-seo-ai/manchester/,high
"audit services blackpool",ai_prompt,local_hire,https://nrlc.ai/en-gb/services/local-seo-ai/blackpool/,high
"indianapolis conversion rate optimization services",ai_prompt,local_hire,https://nrlc.ai/en-us/services/local-seo-ai/indianapolis/,high
"seo services southampton",ai_prompt,local_hire,https://nrlc.ai/en-gb/services/local-seo-ai/southampton/,high
"bard seo",ai_prompt,hire_recommendation,https://nrlc.ai/en-us/ai-visibility/,medium
"seo tool for claude",ai_prompt,tool_or_service_lookup,https://nrlc.ai/en-us/services/json-ld-strategy/,medium
"local seo services liverpool",ai_prompt,hire_recommendation,https://nrlc.ai/en-us/ai-visibility/,medium
"claude seo agency",ai_prompt,hire_recommendation,https://nrlc.ai/en-us/ai-visibility/,medium
"seo in kitchener",ai_prompt,local_hire,https://nrlc.ai/en-us/services/local-seo-ai/kitchener/,high
"top seo companies sajong",ai_prompt,hire_recommendation,https://nrlc.ai/en-us/ai-visibility/,medium
"generative engine optimization services tampa",ai_prompt,local_hire,https://nrlc.ai/en-us/services/local-seo-ai/tampa/,high
"new orleans conversion rate optimization services",ai_prompt,local_hire,https://nrlc.ai/en-us/services/local-seo-ai/new-orleans/,high
"get a quote for ai search and voice optimization services in austin.",ai_prompt,local_hire,https://nrlc.ai/en-us/services/local-seo-ai/austin/,high
"who are the leading aeo and voice search optimization experts in san 
antonio?",ai_prompt,hire_recommendation,https://nrlc.ai/en-us/ai-visibility/,medium
"claude seo firm",ai_prompt,hire_recommendation,https://nrlc.ai/en-us/ai-visibility/,medium
"local seo services stockport",ai_prompt,local_hire,https://nrlc.ai/en-gb/services/local-seo-ai/stockport/,high
"stockport link building service seo",ai_prompt,local_hire,https://nrlc.ai/en-gb/services/local-seo-ai/stockport/,high
"houston service experts competitor analysis",ai_prompt,hire_recommendation,https://nrlc.ai/en-us/ai-visibility/veterinary/,high
"stockport link building services for seo",ai_prompt,local_hire,https://nrlc.ai/en-gb/services/local-seo-ai/stockport/,high
"what agencies specialize in enterprise-level schema markup implementation?",ai_prompt,agency_evaluation,https://nrlc.ai/en-us/services/enterprise-schema-markup/,high
"advanced analytic tracking kansas city",ai_prompt,tool_or_service_lookup,https://nrlc.ai/en-us/services/json-ld-strategy/,medium
"ai seo tools nashville",ai_prompt,tool_or_service_lookup,https://nrlc.ai/en-us/services/json-ld-strategy/,medium
"international seo services nottingham",ai_prompt,local_hire,https://nrlc.ai/en-gb/services/local-seo-ai/nottingham/,high
"online rank tracking chicago, il",ai_prompt,tool_or_service_lookup,https://nrlc.ai/en-us/services/json-ld-strategy/,medium
"milwaukee conversion rate optimization services",ai_prompt,local_hire,https://nrlc.ai/en-us/services/local-seo-ai/milwaukee/,high
"tampa ai assistant services",ai_prompt,local_hire,https://nrlc.ai/en-us/services/local-seo-ai/tampa/,high
"seo conference in leicester",ai_prompt,local_hire,https://nrlc.ai/en-gb/services/local-seo-ai/leicester/,high
"b2b seo services in dallas",ai_prompt,local_hire,https://nrlc.ai/en-us/services/local-seo-ai/dallas/,high
"claude ai seo services",ai_prompt,hire_recommendation,https://nrlc.ai/en-us/ai-visibility/,medium
"google search seo in coventry",ai_prompt,local_hire,https://nrlc.ai/en-gb/services/local-seo-ai/coventry/,high
"google seo services inoldham",ai_prompt,local_hire,https://nrlc.ai/en-gb/services/local-seo-ai/oldham/,high
"conversion rate optimisation services nottingham",ai_prompt,local_hire,https://nrlc.ai/en-gb/services/local-seo-ai/nottingham/,high
"llmo tool features for enterprise-level needs",ai_prompt,tool_or_service_lookup,https://nrlc.ai/en-us/services/enterprise-schema-markup/,high
"seo services in sheffield",ai_prompt,local_hire,https://nrlc.ai/en-gb/services/local-seo-ai/sheffield/,high
"best claude seo trackers",ai_prompt,hire_recommendation,https://nrlc.ai/en-us/ai-visibility/,medium
"seo companies in norwich",ai_prompt,local_hire,https://nrlc.ai/en-gb/services/local-seo-ai/norwich/,high
"seo analysis tools open source",ai_prompt,tool_or_service_lookup,https://nrlc.ai/en-us/services/json-ld-strategy/,medium
"the best seo agencies in norwich",ai_prompt,local_hire,https://nrlc.ai/en-gb/services/local-seo-ai/norwich/,high
"seo audit in minnesota",ai_prompt,hire_recommendation,https://nrlc.ai/en-us/ai-visibility/,medium
"best local seo companies in huddersfield",ai_prompt,local_hire,https://nrlc.ai/en-gb/services/local-seo-ai/huddersfield/,high
"technical seo services derby",ai_prompt,local_hire,https://nrlc.ai/en-gb/services/local-seo-ai/derby/,high
"generative engine optimization agency in singapore",ai_prompt,hire_recommendation,https://nrlc.ai/en-us/ai-visibility/,medium
