Date,Pillar,Subcluster,Target Query,Blog/article title,Content angle,algo trigger(expected),Schema Type,Internal Link Target,Progr
2025-11-19,Domain Acquisition,Alternative Payment Methods,buy domain with crypto,How to Buy Domains with Crypto: Alternative Payment Methods Guide,"Show comparisons, pitfalls, trust signals, step-by-step purchasing.",E-E-A-T + commercial intent + schema Product/HowTo + comparison tables.,HowTo + Product,/blog/domain-acquisition,Planned
2025-11-20,Domain Management,Migration Tools,domain changer,How to Use a Domain Changer Safely (Migration Tools),"Explain risks, SEO safeguards, migration workflows.","Authority, checklists, migration visuals + schema HowTo.",HowTo,/blog/domain-management,Planned
2025-11-21,Domain Monetization,Liquidation & Valuation,sell domain name,How to Sell a Domain Effectively: Liquidation & Valuation Strategies,"Highlight valuation models, case studies, negotiation tactics.",E-E-A-T + commercial intent + schema Product/HowTo + comparison tables.,HowTo + Product,/blog/domain-monetization,Planned
2025-11-22,Domain Monetization,Liquidation & Valuation,sell a domain name,How to Sell a Domain Effectively: Liquidation & Valuation Strategies,"Highlight valuation models, case studies, negotiation tactics.",E-E-A-T + commercial intent + schema Product/HowTo + comparison tables.,HowTo + Product,/blog/domain-monetization,Planned
2025-11-23,Technical SEO,Redirect Strategy,301 vs 302 redirect,301 vs 302 redirect: Redirect Strategy Explained for SEO,"Provide technical diagrams, canonical examples, audit checklists.",Depth technical content + code samples + schema TechArticle.,TechArticle,/blog/technical-seo,Planned
2025-11-24,Domain Monetization,Liquidation & Valuation,how to sell a domain name,How to Sell a Domain Effectively: Liquidation & Valuation Strategies,"Highlight valuation models, case studies, negotiation tactics.",E-E-A-T + commercial intent + schema Product/HowTo + comparison tables.,HowTo + Product,/blog/domain-monetization,Planned
2025-11-25,Search Visibility,General Optimization,domain name law,Advanced Guide: domain name law,"Use data-backed insights, trend charts, examples, and expert commentary.",Semantic entity expansion + FAQ schema + freshness.,Article + FAQPage,/blog/search-visibility,Planned
2025-11-26,Technical SEO,Redirect Strategy,http 301 vs 302,Advanced Guide: http 301 vs 302,"Use data-backed insights, trend charts, examples, and expert commentary.",Semantic entity expansion + FAQ schema + freshness.,Article + FAQPage,/blog/technical-seo,Planned
2025-11-27,Search Visibility,General Optimization,backorder domain,Advanced Guide: backorder domain,"Use data-backed insights, trend charts, examples, and expert commentary.",Semantic entity expansion + FAQ schema + freshness.,Article + FAQPage,/blog/search-visibility,Planned
2025-11-28,Search Visibility,General Optimization,domain backorder,Advanced Guide: domain backorder,"Use data-backed insights, trend charts, examples, and expert commentary.",Semantic entity expansion + FAQ schema + freshness.,Article + FAQPage,/blog/search-visibility,Planned
2025-11-29,Domain Monetization,Liquidation & Valuation,domain reseller,How to Sell a Domain Effectively: Liquidation & Valuation Strategies,"Highlight valuation models, case studies, negotiation tactics.",E-E-A-T + commercial intent + schema Product/HowTo + comparison tables.,HowTo + Product,/blog/domain-monetization,Planned
2025-11-30,Domain Monetization,Liquidation & Valuation,selling domain names,How to Sell a Domain Effectively: Liquidation & Valuation Strategies,"Highlight valuation models, case studies, negotiation tactics.",E-E-A-T + commercial intent + schema Product/HowTo + comparison tables.,HowTo + Product,/blog/domain-monetization,Planned
2025-12-01,Technical SEO,Redirect Strategy,redirect 301 vs 302,redirect 301 vs 302: Redirect Strategy Explained for SEO,"Provide technical diagrams, canonical examples, audit checklists.",Depth technical content + code samples + schema TechArticle.,TechArticle,/blog/technical-seo,Planned
2025-12-02,Technical SEO,Redirect Strategy,difference between 301 and 302 redirect,difference between 301 and 302 redirect: Redirect Strategy Explained for SEO,"Provide technical diagrams, canonical examples, audit checklists.",Depth technical content + code samples + schema TechArticle.,TechArticle,/blog/technical-seo,Planned
2025-12-03,Domain Monetization,Liquidation & Valuation,sell domain names,How to Sell a Domain Effectively: Liquidation & Valuation Strategies,"Highlight valuation models, case studies, negotiation tactics.",E-E-A-T + commercial intent + schema Product/HowTo + comparison tables.,HowTo + Product,/blog/domain-monetization,Planned
2025-12-04,Search Visibility,General Optimization,what would be an example of an ethical way to use ai for personal finance?,Advanced Guide: what would be an example of an ethical way to use ai for personal finance?,"Use data-backed insights, trend charts, examples, and expert commentary.",Semantic entity expansion + FAQ schema + freshness.,Article + FAQPage,/blog/search-visibility,Planned
2025-12-05,Search Visibility,General Optimization,cheap .shop domain hostinger,Advanced Guide: cheap .shop domain hostinger,"Use data-backed insights, trend charts, examples, and expert commentary.",Semantic entity expansion + FAQ schema + freshness.,Article + FAQPage,/blog/search-visibility,Planned
2025-12-06,Technical SEO,Redirect Strategy,301 vs 302,Advanced Guide: 301 vs 302,"Use data-backed insights, trend charts, examples, and expert commentary.",Semantic entity expansion + FAQ schema + freshness.,Article + FAQPage,/blog/technical-seo,Planned
2025-12-07,Domain Monetization,Liquidation & Valuation,sell my domain name,How to Sell a Domain Effectively: Liquidation & Valuation Strategies,"Highlight valuation models, case studies, negotiation tactics.",E-E-A-T + commercial intent + schema Product/HowTo + comparison tables.,HowTo + Product,/blog/domain-monetization,Planned
2025-12-08,Domain Monetization,Liquidation & Valuation,sell my domain,How to Sell a Domain Effectively: Liquidation & Valuation Strategies,"Highlight valuation models, case studies, negotiation tactics.",E-E-A-T + commercial intent + schema Product/HowTo + comparison tables.,HowTo + Product,/blog/domain-monetization,Planned
2025-12-09,Search Visibility,General Optimization,domain monetization,Advanced Guide: domain monetization,"Use data-backed insights, trend charts, examples, and expert commentary.",Semantic entity expansion + FAQ schema + freshness.,Article + FAQPage,/blog/search-visibility,Planned
2025-12-10,Search Visibility,General Optimization,domain laws,Advanced Guide: domain laws,"Use data-backed insights, trend charts, examples, and expert commentary.",Semantic entity expansion + FAQ schema + freshness.,Article + FAQPage,/blog/search-visibility,Planned
2025-12-11,Search Visibility,General Optimization,domain lifecycle review - expiration risk detected,Advanced Guide: domain lifecycle review - expiration risk detected,"Use data-backed insights, trend charts, examples, and expert commentary.",Semantic entity expansion + FAQ schema + freshness.,Article + FAQPage,/blog/search-visibility,Planned
2025-12-12,Technical SEO,Redirect Strategy,301 redirect vs 302,301 redirect vs 302: Redirect Strategy Explained for SEO,"Provide technical diagrams, canonical examples, audit checklists.",Depth technical content + code samples + schema TechArticle.,TechArticle,/blog/technical-seo,Planned
2025-12-13,Search Visibility,General Optimization,registry lock,Advanced Guide: registry lock,"Use data-backed insights, trend charts, examples, and expert commentary.",Semantic entity expansion + FAQ schema + freshness.,Article + FAQPage,/blog/search-visibility,Planned
2025-12-14,Search Visibility,General Optimization,url masking,Advanced Guide: url masking,"Use data-backed insights, trend charts, examples, and expert commentary.",Semantic entity expansion + FAQ schema + freshness.,Article + FAQPage,/blog/search-visibility,Planned
2025-12-15,Search Visibility,General Optimization,domain name infringement,Advanced Guide: domain name infringement,"Use data-backed insights, trend charts, examples, and expert commentary.",Semantic entity expansion + FAQ schema + freshness.,Article + FAQPage,/blog/search-visibility,Planned
2025-12-16,Search Visibility,General Optimization,expired domain list,Advanced Guide: expired domain list,"Use data-backed insights, trend charts, examples, and expert commentary.",Semantic entity expansion + FAQ schema + freshness.,Article + FAQPage,/blog/search-visibility,Planned
2025-12-17,Search Visibility,General Optimization,domain name laws,Advanced Guide: domain name laws,"Use data-backed insights, trend charts, examples, and expert commentary.",Semantic entity expansion + FAQ schema + freshness.,Article + FAQPage,/blog/search-visibility,Planned
2025-12-18,Domain Acquisition,Alternative Payment Methods,buy domain name with crypto,How to Buy Domains with Crypto: Alternative Payment Methods Guide,"Show comparisons, pitfalls, trust signals, step-by-step purchasing.",E-E-A-T + commercial intent + schema Product/HowTo + comparison tables.,HowTo + Product,/blog/domain-acquisition,Planned