URL,Locale,"Expected Locale","Is Canonical","Redirect Works","Canonical In Sitemap","Non-Canonical In Sitemap",Issues,Status
https://nrlc.ai/en-us/services/content-optimization-ai/sherbrooke/,en-us,en-us,Yes,N/A,Yes,Yes,,PASS
https://nrlc.ai/en-us/services/link-building-ai/southampton/,en-us,en-gb,No,Yes,Yes,No,,PASS
https://nrlc.ai/en-us/services/ai-search-optimization/raleigh/,en-us,en-us,Yes,N/A,Yes,Yes,,PASS
https://nrlc.ai/services/site-audits/san-francisco/,none,en-us,No,N/A,Yes,No,,PASS
https://nrlc.ai/en-us/services/ai-search-optimization/nashville/,en-us,en-us,Yes,N/A,Yes,Yes,,PASS
https://nrlc.ai/fr-fr/services/ai-overviews-optimization/omaha/,fr-fr,en-us,No,Yes,Yes,No,,PASS
https://nrlc.ai/services/ai-search-optimization/ageo/,none,en-us,No,N/A,Yes,No,,PASS
https://nrlc.ai/en-us/services/llm-optimization/new-york/,en-us,en-gb,No,Yes,Yes,No,,PASS
https://nrlc.ai/services/llm-content-strategy/edmonton/,none,en-us,No,N/A,Yes,No,,PASS
https://nrlc.ai/en-us/services/llm-seeding/southport/,en-us,en-gb,No,Yes,Yes,No,,PASS
https://nrlc.ai/en-us/services/ai-overviews-optimization/kingston/,en-us,en-us,Yes,N/A,Yes,Yes,,PASS
https://nrlc.ai/en-us/services/llm-seeding/toronto/,en-us,en-us,Yes,N/A,Yes,Yes,,PASS
https://nrlc.ai/es-es/services/agentic-seo/new-york/,es-es,en-gb,No,Yes,Yes,No,,PASS
https://nrlc.ai/services/agentic-seo/singapore/,none,en-us,No,N/A,Yes,No,,PASS
https://nrlc.ai/en-us/services/training/tokyo/,en-us,en-us,Yes,N/A,Yes,Yes,,PASS
https://nrlc.ai/en-us/services/ai-search-optimization/portland/,en-us,en-us,Yes,N/A,Yes,Yes,,PASS
https://nrlc.ai/en-us/services/ecommerce-ai-seo/sherbrooke/,en-us,en-us,Yes,N/A,Yes,Yes,,PASS
https://nrlc.ai/en-us/services/competitor-analysis-ai/gimhae/,en-us,en-us,Yes,N/A,Yes,Yes,,PASS
https://nrlc.ai/en-us/services/ecommerce-ai-seo/victoria/,en-us,en-us,Yes,N/A,Yes,Yes,,PASS
https://nrlc.ai/services/entity-recognition-ai/edmonton/,none,en-us,No,N/A,Yes,No,,PASS
https://nrlc.ai/en-gb/services/json-ld-strategy/toronto/,en-gb,en-us,No,Yes,Yes,No,,PASS
https://nrlc.ai/en-us/services/voice-search-optimization/seoul/,en-us,en-us,Yes,N/A,Yes,Yes,,PASS
http://nrlc.ai/en-us/services/analytics/seoul/,en-us,en-us,Yes,N/A,Yes,No,,PASS
https://nrlc.ai/en-us/services/crawl-clarity/yellowknife/,en-us,en-us,Yes,N/A,Yes,Yes,,PASS
https://nrlc.ai/es-es/services/entity-optimization-ai/whitehorse/,es-es,en-us,No,Yes,Yes,No,,PASS
https://nrlc.ai/ko-kr/services/perplexity-optimization/whitehorse/,ko-kr,en-us,No,Yes,Yes,No,,PASS
https://nrlc.ai/fr-fr/services/knowledge-graph-ai/trois-rivieres/,fr-fr,en-us,No,Yes,Yes,No,,PASS
https://nrlc.ai/es-es/services/perplexity-optimization/trois-rivieres/,es-es,en-us,No,Yes,Yes,No,,PASS
https://nrlc.ai/es-es/services/completeness-optimization-ai/trois-rivieres/,es-es,en-us,No,Yes,Yes,No,,PASS
https://nrlc.ai/ko-kr/services/retrieval-optimization-ai/trois-rivieres/,ko-kr,en-us,No,Yes,Yes,No,,PASS
https://nrlc.ai/en-us/services/ai-search-optimization/sherbrooke/,en-us,en-us,Yes,N/A,Yes,Yes,,PASS
https://nrlc.ai/en-us/services/transparency-optimization-ai/sherbrooke/,en-us,en-us,Yes,N/A,Yes,Yes,,PASS
https://nrlc.ai/de-de/services/agentic-seo/sherbrooke/,de-de,en-us,No,Yes,Yes,No,,PASS
https://nrlc.ai/ko-kr/services/technical-audit-ai/sherbrooke/,ko-kr,en-us,No,Yes,Yes,No,,PASS
https://nrlc.ai/en-us/services/local-seo-ai/norwich/,en-us,en-gb,No,Yes,Yes,No,,PASS
https://nrlc.ai/en-us/services/semantic-seo-ai/stoke-on-trent/,en-us,en-gb,No,Yes,Yes,No,,PASS
https://nrlc.ai/en-us/services/chatgpt-optimization/southport/,en-us,en-gb,No,Yes,Yes,No,,PASS
https://nrlc.ai/es-es/services/international-seo/blackpool/,es-es,en-gb,No,Yes,Yes,No,,PASS
https://nrlc.ai/en-us/services/voice-search-optimization/derby/,en-us,en-gb,No,Yes,Yes,No,,PASS
https://nrlc.ai/fr-fr/services/conversion-optimization-ai/stockport/,fr-fr,en-gb,No,Yes,Yes,No,,PASS
https://nrlc.ai/en-us/services/ranking-optimization-ai/huddersfield/,en-us,en-gb,No,Yes,Yes,No,,PASS
https://nrlc.ai/en-us/services/verification-optimization-ai/blackpool/,en-us,en-gb,No,Yes,Yes,No,,PASS
https://nrlc.ai/en-us/services/llm-content-strategy/norwich/,en-us,en-gb,No,Yes,Yes,No,,PASS
https://nrlc.ai/de-de/services/voice-search-optimization/sheffield/,de-de,en-gb,No,Yes,Yes,No,,PASS
https://nrlc.ai/fr-fr/services/local-seo-ai/sudbury/,fr-fr,en-gb,No,Yes,Yes,No,,PASS
https://nrlc.ai/ko-kr/services/multimodal-seo-ai/burnley/,ko-kr,en-gb,No,Yes,Yes,No,,PASS
https://nrlc.ai/en-us/services/generative-seo/halifax/,en-us,en-gb,No,Yes,Yes,No,,PASS
https://nrlc.ai/en-gb/services/international-seo/huddersfield/,en-gb,en-gb,Yes,N/A,Yes,Yes,,PASS
https://nrlc.ai/en-gb/services/multimodal-seo-ai/huddersfield/,en-gb,en-gb,Yes,N/A,Yes,Yes,,PASS
https://nrlc.ai/de-de/services/mobile-seo-ai/singapore/,de-de,en-us,No,Yes,Yes,No,,PASS
https://nrlc.ai/en-us/services/site-audits/southport/,en-us,en-gb,No,Yes,Yes,No,,PASS
https://nrlc.ai/en-us/services/conversion-optimization-ai/virginia-beach/,en-us,en-us,Yes,N/A,Yes,Yes,,PASS
https://nrlc.ai/en-us/services/link-building-ai/barrie/,en-us,en-us,Yes,N/A,Yes,Yes,,PASS
https://nrlc.ai/en-us/services/generative-seo/southport/,en-us,en-gb,No,Yes,Yes,No,,PASS
https://nrlc.ai/en-gb/services/mobile-seo-ai/singapore/,en-gb,en-us,No,Yes,Yes,No,,PASS
https://nrlc.ai/fr-fr/services/generative-seo/southend-on-sea/,fr-fr,en-gb,No,Yes,Yes,No,,PASS
https://nrlc.ai/en-us/services/ai-search-optimization/oldham/,en-us,en-gb,No,Yes,Yes,No,,PASS
https://nrlc.ai/en-us/services/bard-optimization/huddersfield/,en-us,en-gb,No,Yes,Yes,No,,PASS
https://nrlc.ai/en-us/services/training/cardiff/,en-us,en-gb,No,Yes,Yes,No,,PASS
https://nrlc.ai/es-es/services/contextual-seo-ai/huddersfield/,es-es,en-gb,No,Yes,Yes,No,,PASS
https://nrlc.ai/de-de/services/relevance-optimization-ai/stockport/,de-de,en-gb,No,Yes,Yes,No,,PASS
https://nrlc.ai/ko-kr/services/llm-optimization/northampton/,ko-kr,en-gb,No,Yes,Yes,No,,PASS
https://nrlc.ai/en-gb/services/ai-search-optimization/glasgow/,en-gb,en-gb,Yes,N/A,Yes,Yes,,PASS
https://nrlc.ai/en-us/services/analytics/burnley/,en-us,en-gb,No,Yes,Yes,No,,PASS
https://nrlc.ai/en-us/services/mobile-seo-ai/jacksonville/,en-us,en-us,Yes,N/A,Yes,Yes,,PASS
https://nrlc.ai/en-us/services/completeness-optimization-ai/stoke-on-trent/,en-us,en-gb,No,Yes,Yes,No,,PASS
https://nrlc.ai/en-us/services/international-seo/stoke-on-trent/,en-us,en-gb,No,Yes,Yes,No,,PASS
https://nrlc.ai/en-us/services/generative-seo/glasgow/,en-us,en-gb,No,Yes,Yes,No,,PASS
https://nrlc.ai/en-us/services/conversion-optimization-ai/long-beach/,en-us,en-us,Yes,N/A,Yes,Yes,,PASS
https://nrlc.ai/en-us/services/ai-citation-optimization/stoke-on-trent/,en-us,en-gb,No,Yes,Yes,No,,PASS
https://nrlc.ai/en-gb/services/freshness-optimization-ai/derby/,en-gb,en-gb,Yes,N/A,Yes,Yes,,PASS
https://nrlc.ai/en-us/services/perplexity-optimization/blackpool/,en-us,en-gb,No,Yes,Yes,No,,PASS
https://nrlc.ai/de-de/services/conversion-optimization-ai/colorado-springs/,de-de,en-us,No,Yes,Yes,No,,PASS
https://nrlc.ai/fr-fr/services/local-seo-ai/blackpool/,fr-fr,en-gb,No,Yes,Yes,No,,PASS
https://nrlc.ai/ko-kr/services/completeness-optimization-ai/southport/,ko-kr,en-gb,No,Yes,Yes,No,,PASS
https://nrlc.ai/en-us/services/technical-seo/nottingham/,en-us,en-gb,No,Yes,Yes,No,,PASS
https://nrlc.ai/de-de/services/contextual-seo-ai/glasgow/,de-de,en-gb,No,Yes,Yes,No,,PASS
https://nrlc.ai/de-de/services/mobile-seo-ai/chicago/,de-de,en-us,No,Yes,Yes,No,,PASS
https://nrlc.ai/en-gb/services/chatgpt-optimization/london/,en-gb,en-gb,Yes,N/A,Yes,Yes,,PASS
https://nrlc.ai/ko-kr/services/entity-optimization-ai/burnley/,ko-kr,en-gb,No,Yes,Yes,No,,PASS
https://nrlc.ai/en-us/services/technical-seo/oldham/,en-us,en-gb,No,Yes,Yes,No,,PASS
https://nrlc.ai/en-us/services/local-seo-ai/detroit/,en-us,en-us,Yes,N/A,Yes,Yes,,PASS
https://nrlc.ai/en-us/services/technical-seo/huddersfield/,en-us,en-gb,No,Yes,Yes,No,,PASS
https://nrlc.ai/en-us/services/claude-optimization/victoria/,en-us,en-us,Yes,N/A,Yes,Yes,,PASS
https://nrlc.ai/services/copilot-optimization/glasgow/,none,en-gb,No,N/A,Yes,No,,PASS
https://nrlc.ai/en-us/services/generative-seo/kelowna/,en-us,en-us,Yes,N/A,Yes,Yes,,PASS
https://nrlc.ai/es-es/services/site-audits/newcastle/,es-es,en-gb,No,Yes,Yes,No,,PASS
https://nrlc.ai/ko-kr/services/conversational-seo-ai/stockport/,ko-kr,en-gb,No,Yes,Yes,No,,PASS
https://nrlc.ai/en-us/services/perplexity-optimization/victoria/,en-us,en-us,Yes,N/A,Yes,Yes,,PASS
https://nrlc.ai/fr-fr/services/voice-search-optimization/nottingham/,fr-fr,en-gb,No,Yes,Yes,No,,PASS
https://nrlc.ai/en-us/services/conversion-optimization-ai/stockport/,en-us,en-gb,No,Yes,Yes,No,,PASS
https://nrlc.ai/services/generative-seo/singapore/,none,en-us,No,N/A,Yes,No,,PASS
https://nrlc.ai/ko-kr/services/local-seo-ai/oldham/,ko-kr,en-gb,No,Yes,Yes,No,,PASS
https://nrlc.ai/en-us/services/intent-optimization-ai/singapore/,en-us,en-us,Yes,N/A,Yes,Yes,,PASS
https://nrlc.ai/en-us/services/featured-snippets-ai/burnley/,en-us,en-gb,No,Yes,Yes,No,,PASS
https://nrlc.ai/ko-kr/services/site-audits/belfast/,ko-kr,en-gb,No,Yes,Yes,No,,PASS
https://nrlc.ai/en-us/services/conversion-optimization-ai/abbotsford/,en-us,en-us,Yes,N/A,Yes,Yes,,PASS
https://nrlc.ai/en-gb/services/generative-seo/glasgow/,en-gb,en-gb,Yes,N/A,Yes,Yes,,PASS
https://nrlc.ai/services/accuracy-optimization-ai/bristol/,none,en-gb,No,N/A,Yes,No,,PASS
https://nrlc.ai/es-es/services/mobile-seo-ai/chicago/,es-es,en-us,No,Yes,Yes,No,,PASS
https://nrlc.ai/de-de/services/generative-seo/houston/,de-de,en-us,No,Yes,Yes,No,,PASS
https://nrlc.ai/en-us/services/training/denver/,en-us,en-us,Yes,N/A,Yes,Yes,,PASS
https://nrlc.ai/es-es/services/international-seo/halifax/,es-es,en-gb,No,Yes,Yes,No,,PASS
https://nrlc.ai/en-us/services/generative-seo/atlanta/,en-us,en-us,Yes,N/A,Yes,Yes,,PASS
https://nrlc.ai/en-us/services/technical-seo/peterborough/,en-us,en-gb,No,Yes,Yes,No,,PASS
https://nrlc.ai/en-us/services/ai-search-optimization/singapore/,en-us,en-us,Yes,N/A,Yes,Yes,,PASS
https://nrlc.ai/en-gb/services/site-audits/newcastle/,en-gb,en-gb,Yes,N/A,Yes,Yes,,PASS
https://nrlc.ai/ko-kr/services/ai-citation-optimization/middlesbrough/,ko-kr,en-gb,No,Yes,Yes,No,,PASS
https://nrlc.ai/es-es/services/technical-seo/cambridge/,es-es,en-gb,No,Yes,Yes,No,,PASS
https://nrlc.ai/ko-kr/services/metadata-optimization-ai/peterborough/,ko-kr,en-gb,No,Yes,Yes,No,,PASS
https://nrlc.ai/en-us/services/copilot-optimization/kuki/,en-us,en-us,Yes,N/A,Yes,Yes,,PASS
https://nrlc.ai/en-gb/services/generative-seo/hull/,en-gb,en-gb,Yes,N/A,Yes,Yes,,PASS
https://nrlc.ai/en-us/services/technical-seo/middlesbrough/,en-us,en-gb,No,Yes,Yes,No,,PASS
https://nrlc.ai/en-us/services/competitor-analysis-ai/kansas-city/,en-us,en-us,Yes,N/A,Yes,Yes,,PASS
https://nrlc.ai/en-us/services/site-audits/san-francisco/,en-us,en-us,Yes,N/A,Yes,Yes,,PASS
https://nrlc.ai/en-us/services/generative-seo/houston/,en-us,en-us,Yes,N/A,Yes,Yes,,PASS
https://nrlc.ai/fr-fr/services/site-audits/belfast/,fr-fr,en-gb,No,Yes,Yes,No,,PASS
https://nrlc.ai/en-us/services/claude-optimization/west-bromwich/,en-us,en-us,Yes,N/A,Yes,Yes,,PASS
https://nrlc.ai/en-gb/services/conversion-optimization-ai/oklahoma-city/,en-gb,en-us,No,Yes,Yes,No,,PASS
https://nrlc.ai/en-us/services/technical-audit-ai/burnley/,en-us,en-gb,No,Yes,Yes,No,,PASS
https://nrlc.ai/fr-fr/services/conversion-optimization-ai/raleigh/,fr-fr,en-us,No,Yes,Yes,No,,PASS
https://nrlc.ai/en-us/services/generative-seo/huddersfield/,en-us,en-gb,No,Yes,Yes,No,,PASS
https://nrlc.ai/de-de/services/international-seo/belfast/,de-de,en-gb,No,Yes,Yes,No,,PASS
https://nrlc.ai/en-us/services/local-seo-ai/oldham/,en-us,en-gb,No,Yes,Yes,No,,PASS
https://nrlc.ai/en-us/services/recommendation-ai/halifax/,en-us,en-gb,No,Yes,Yes,No,,PASS
https://nrlc.ai/en-us/services/ai-search-optimization/kazo/,en-us,en-us,Yes,N/A,Yes,Yes,,PASS
https://nrlc.ai/en-gb/services/voice-search-optimization/colorado-springs/,en-gb,en-us,No,Yes,Yes,No,,PASS
https://nrlc.ai/services/content-optimization-ai/singapore/,none,en-us,No,N/A,Yes,No,,PASS
https://nrlc.ai/es-es/services/international-seo/southend-on-sea/,es-es,en-gb,No,Yes,Yes,No,,PASS
https://nrlc.ai/en-us/services/ai-overviews-optimization/oakland/,en-us,en-us,Yes,N/A,Yes,Yes,,PASS
https://nrlc.ai/en-gb/services/ai-search-optimization/san-antonio/,en-gb,en-us,No,Yes,Yes,No,,PASS
https://nrlc.ai/es-es/services/conversion-optimization-ai/nashville/,es-es,en-us,No,Yes,Yes,No,,PASS
https://nrlc.ai/en-us/services/international-seo/los-angeles/,en-us,en-us,Yes,N/A,Yes,Yes,,PASS
https://nrlc.ai/services/ai-search-optimization/huddersfield/,none,en-gb,No,N/A,Yes,No,,PASS
https://nrlc.ai/en-us/services/technical-seo/chicago/,en-us,en-us,Yes,N/A,Yes,Yes,,PASS
https://nrlc.ai/en-us/services/semantic-seo-ai/jacksonville/,en-us,en-us,Yes,N/A,Yes,Yes,,PASS
https://nrlc.ai/en-us/services/ecommerce-ai-seo/glasgow/,en-us,en-gb,No,Yes,Yes,No,,PASS
https://nrlc.ai/en-us/services/technical-seo/northampton/,en-us,en-gb,No,Yes,Yes,No,,PASS
https://nrlc.ai/en-us/services/ranking-optimization-ai/oldham/,en-us,en-gb,No,Yes,Yes,No,,PASS
https://nrlc.ai/de-de/services/technical-seo/nottingham/,de-de,en-gb,No,Yes,Yes,No,,PASS
https://nrlc.ai/en-us/services/perplexity-optimization/london/,en-us,en-gb,No,Yes,Yes,No,,PASS
https://nrlc.ai/en-us/services/ai-search-optimization/derby/,en-us,en-gb,No,Yes,Yes,No,,PASS
https://nrlc.ai/en-us/services/mobile-seo-ai/chicago/,en-us,en-us,Yes,N/A,Yes,Yes,,PASS
https://nrlc.ai/ko-kr/services/agentic-seo/west-bromwich/,ko-kr,en-us,No,Yes,Yes,No,,PASS
https://nrlc.ai/en-us/services/conversational-seo-ai/glasgow/,en-us,en-gb,No,Yes,Yes,No,,PASS
https://nrlc.ai/fr-fr/services/ai-search-optimization/huddersfield/,fr-fr,en-gb,No,Yes,Yes,No,,PASS
https://nrlc.ai/fr-fr/services/international-seo/hull/,fr-fr,en-gb,No,Yes,Yes,No,,PASS
https://nrlc.ai/services/schema-markup-ai/jacksonville/,none,en-us,No,N/A,Yes,No,,PASS
https://nrlc.ai/en-us/services/b2b-seo-ai/kansas-city/,en-us,en-us,Yes,N/A,Yes,Yes,,PASS
https://nrlc.ai/en-us/services/conversion-optimization-ai/colorado-springs/,en-us,en-us,Yes,N/A,Yes,Yes,,PASS
https://nrlc.ai/de-de/services/link-building-ai/southampton/,de-de,en-gb,No,Yes,Yes,No,,PASS
https://nrlc.ai/es-es/services/local-seo-ai/stockport/,es-es,en-gb,No,Yes,Yes,No,,PASS
https://nrlc.ai/en-gb/services/technical-seo/middlesbrough/,en-gb,en-gb,Yes,N/A,Yes,Yes,,PASS
https://nrlc.ai/en-us/services/content-optimization-ai/chicago/,en-us,en-us,Yes,N/A,Yes,Yes,,PASS
https://nrlc.ai/es-es/services/b2b-seo-ai/singapore/,es-es,en-us,No,Yes,Yes,No,,PASS
https://nrlc.ai/ko-kr/services/ai-citation-optimization/norwich/,ko-kr,en-gb,No,Yes,Yes,No,,PASS
https://nrlc.ai/en-gb/services/copilot-optimization/san-francisco/,en-gb,en-us,No,Yes,Yes,No,,PASS
https://nrlc.ai/en-us/services/technical-seo/stockport/,en-us,en-gb,No,Yes,Yes,No,,PASS
https://nrlc.ai/en-us/services/voice-search-optimization/kansas-city/,en-us,en-us,Yes,N/A,Yes,Yes,,PASS
https://nrlc.ai/en-us/services/technical-seo/los-angeles/,en-us,en-us,Yes,N/A,Yes,Yes,,PASS
https://nrlc.ai/en-us/services/ai-search-optimization/stockport/,en-us,en-gb,No,Yes,Yes,No,,PASS
https://nrlc.ai/es-es/services/training/houston/,es-es,en-us,No,Yes,Yes,No,,PASS
https://nrlc.ai/en-us/services/conversational-seo-ai/singapore/,en-us,en-us,Yes,N/A,Yes,Yes,,PASS
https://nrlc.ai/ko-kr/services/llm-content-strategy/burnley/,ko-kr,en-gb,No,Yes,Yes,No,,PASS
https://nrlc.ai/en-us/services/b2b-seo-ai/west-bromwich/,en-us,en-us,Yes,N/A,Yes,Yes,,PASS
https://nrlc.ai/en-us/services/ranking-optimization-ai/austin/,en-us,en-us,Yes,N/A,Yes,Yes,,PASS
https://nrlc.ai/de-de/services/agentic-seo/northampton/,de-de,en-gb,No,Yes,Yes,No,,PASS
https://nrlc.ai/de-de/services/entity-optimization-ai/southport/,de-de,en-gb,No,Yes,Yes,No,,PASS
https://nrlc.ai/en-us/services/training/nottingham/,en-us,en-gb,No,Yes,Yes,No,,PASS
https://nrlc.ai/en-us/services/voice-search-optimization/southampton/,en-us,en-gb,No,Yes,Yes,No,,PASS
https://nrlc.ai/en-us/services/ai-overviews-optimization/san-antonio/,en-us,en-us,Yes,N/A,Yes,Yes,,PASS
https://nrlc.ai/de-de/services/chatgpt-optimization/kansas-city/,de-de,en-us,No,Yes,Yes,No,,PASS
https://nrlc.ai/en-us/services/conversion-optimization-ai/omaha/,en-us,en-us,Yes,N/A,Yes,Yes,,PASS
https://nrlc.ai/services/agentic-seo/glasgow/,none,en-gb,No,N/A,Yes,No,,PASS
https://nrlc.ai/en-us/services/mobile-seo-ai/kansas-city/,en-us,en-us,Yes,N/A,Yes,Yes,,PASS
https://nrlc.ai/en-gb/services/generative-seo/houston/,en-gb,en-us,No,Yes,Yes,No,,PASS
https://nrlc.ai/en-us/services/technical-seo/derby/,en-us,en-gb,No,Yes,Yes,No,,PASS
https://nrlc.ai/en-us/services/site-audits/chicago/,en-us,en-us,Yes,N/A,Yes,Yes,,PASS
https://nrlc.ai/en-gb/services/technical-seo/newcastle/,en-gb,en-gb,Yes,N/A,Yes,Yes,,PASS
https://nrlc.ai/en-gb/services/local-seo-ai/oldham/,en-gb,en-gb,Yes,N/A,Yes,Yes,,PASS
https://nrlc.ai/es-es/services/semantic-seo-ai/burnley/,es-es,en-gb,No,Yes,Yes,No,,PASS
https://nrlc.ai/en-us/services/ranking-optimization-ai/baltimore/,en-us,en-us,Yes,N/A,Yes,Yes,,PASS
https://nrlc.ai/de-de/services/claude-optimization/victoria/,de-de,en-us,No,Yes,Yes,No,,PASS
https://nrlc.ai/en-us/services/technical-seo/tampa/,en-us,en-us,Yes,N/A,Yes,Yes,,PASS
https://nrlc.ai/fr-fr/services/multimodal-seo-ai/blackpool/,fr-fr,en-gb,No,Yes,Yes,No,,PASS
https://nrlc.ai/en-us/services/multimodal-seo-ai/middlesbrough/,en-us,en-gb,No,Yes,Yes,No,,PASS
https://nrlc.ai/en-us/services/chatgpt-optimization/san-antonio/,en-us,en-us,Yes,N/A,Yes,Yes,,PASS
https://nrlc.ai/en-us/services/link-building-ai/calgary/,en-us,en-us,Yes,N/A,Yes,Yes,,PASS
https://nrlc.ai/ko-kr/services/ai-search-optimization/nottingham/,ko-kr,en-gb,No,Yes,Yes,No,,PASS
https://nrlc.ai/en-us/services/personalization-ai/southport/,en-us,en-gb,No,Yes,Yes,No,,PASS
https://nrlc.ai/en-us/services/copilot-optimization/stockport/,en-us,en-gb,No,Yes,Yes,No,,PASS
https://nrlc.ai/fr-fr/services/ranking-optimization-ai/southend-on-sea/,fr-fr,en-gb,No,Yes,Yes,No,,PASS
https://nrlc.ai/fr-fr/services/generative-seo/bristol/,fr-fr,en-gb,No,Yes,Yes,No,,PASS
https://nrlc.ai/en-gb/services/llm-optimization/glasgow/,en-gb,en-gb,Yes,N/A,Yes,Yes,,PASS
https://nrlc.ai/en-gb/services/mobile-seo-ai/belfast/,en-gb,en-gb,Yes,N/A,Yes,Yes,,PASS
https://nrlc.ai/fr-fr/services/mobile-seo-ai/singapore/,fr-fr,en-us,No,Yes,Yes,No,,PASS
https://nrlc.ai/en-us/services/topic-modeling-ai/detroit/,en-us,en-us,Yes,N/A,Yes,Yes,,PASS
https://nrlc.ai/en-us/services/technical-seo/ottawa/,en-us,en-us,Yes,N/A,Yes,Yes,,PASS
https://nrlc.ai/es-es/services/contextual-seo-ai/northampton/,es-es,en-gb,No,Yes,Yes,No,,PASS
https://nrlc.ai/services/conversion-optimization-ai/albuquerque/,none,en-us,No,N/A,Yes,No,,PASS
https://nrlc.ai/en-us/services/ranking-optimization-ai/chicago/,en-us,en-us,Yes,N/A,Yes,Yes,,PASS
https://nrlc.ai/es-es/services/training/nottingham/,es-es,en-gb,No,Yes,Yes,No,,PASS
https://nrlc.ai/en-us/services/ranking-optimization-ai/columbus/,en-us,en-us,Yes,N/A,Yes,Yes,,PASS
https://nrlc.ai/en-us/services/ranking-optimization-ai/southend-on-sea/,en-us,en-gb,No,Yes,Yes,No,,PASS
https://nrlc.ai/en-us/services/technical-seo/raleigh/,en-us,en-us,Yes,N/A,Yes,Yes,,PASS
https://nrlc.ai/en-us/services/voice-search-optimization/calgary/,en-us,en-us,Yes,N/A,Yes,Yes,,PASS
https://nrlc.ai/en-us/services/generative-seo/kansas-city/,en-us,en-us,Yes,N/A,Yes,Yes,,PASS
https://nrlc.ai/en-gb/services/ai-overviews-optimization/abbotsford/,en-gb,en-us,No,Yes,Yes,No,,PASS
https://nrlc.ai/fr-fr/services/generative-seo/stoke-on-trent/,fr-fr,en-gb,No,Yes,Yes,No,,PASS
https://nrlc.ai/en-gb/services/knowledge-graph-ai/albuquerque/,en-gb,en-us,No,Yes,Yes,No,,PASS
https://nrlc.ai/en-us/services/conversion-optimization-ai/detroit/,en-us,en-us,Yes,N/A,Yes,Yes,,PASS
https://nrlc.ai/services/conversion-optimization-ai/abbotsford/,none,en-us,No,N/A,Yes,No,,PASS
https://nrlc.ai/en-us/services/technical-seo/norwich/,en-us,en-gb,No,Yes,Yes,No,,PASS
https://nrlc.ai/en-us/services/contextual-seo-ai/southport/,en-us,en-gb,No,Yes,Yes,No,,PASS
https://nrlc.ai/services/local-seo-ai/coventry/,none,en-gb,No,N/A,Yes,No,,PASS
https://nrlc.ai/en-us/services/trust-optimization-ai/singapore/,en-us,en-us,Yes,N/A,Yes,Yes,,PASS
https://nrlc.ai/de-de/services/voice-search-optimization/san-antonio/,de-de,en-us,No,Yes,Yes,No,,PASS
https://nrlc.ai/en-us/services/training/charlotte/,en-us,en-us,Yes,N/A,Yes,Yes,,PASS
https://nrlc.ai/services/content-optimization-ai/honjo/,none,en-us,No,N/A,Yes,No,,PASS
https://nrlc.ai/en-us/services/analytics/san-francisco/,en-us,en-us,Yes,N/A,Yes,Yes,,PASS
https://nrlc.ai/en-us/services/llm-seeding/nottingham/,en-us,en-gb,No,Yes,Yes,No,,PASS
https://nrlc.ai/en-us/services/generative-seo/indianapolis/,en-us,en-us,Yes,N/A,Yes,Yes,,PASS
https://nrlc.ai/en-us/services/llm-optimization/victoria/,en-us,en-us,Yes,N/A,Yes,Yes,,PASS
https://nrlc.ai/services/conversion-optimization-ai/leeds/,none,en-gb,No,N/A,Yes,No,,PASS
https://nrlc.ai/en-us/services/ai-search-optimization/arlington/,en-us,en-us,Yes,N/A,Yes,Yes,,PASS
https://nrlc.ai/en-gb/services/international-seo/southport/,en-gb,en-gb,Yes,N/A,Yes,Yes,,PASS
https://nrlc.ai/en-gb/services/ai-search-optimization/southport/,en-gb,en-gb,Yes,N/A,Yes,Yes,,PASS
https://nrlc.ai/fr-fr/services/conversational-seo-ai/swansea/,fr-fr,en-gb,No,Yes,Yes,No,,PASS
https://nrlc.ai/en-us/services/contextual-seo-ai/oldham/,en-us,en-gb,No,Yes,Yes,No,,PASS
https://nrlc.ai/en-us/services/conversion-optimization-ai/charlotte/,en-us,en-us,Yes,N/A,Yes,Yes,,PASS
https://nrlc.ai/en-us/services/conversion-optimization-ai/chicago/,en-us,en-us,Yes,N/A,Yes,Yes,,PASS
https://nrlc.ai/en-us/services/ranking-optimization-ai/omaha/,en-us,en-us,Yes,N/A,Yes,Yes,,PASS
https://nrlc.ai/fr-fr/services/technical-seo/phoenix/,fr-fr,en-us,No,Yes,Yes,No,,PASS
https://nrlc.ai/en-us/services/international-seo/singapore/,en-us,en-us,Yes,N/A,Yes,Yes,,PASS
https://nrlc.ai/fr-fr/services/entity-optimization-ai/huddersfield/,fr-fr,en-gb,No,Yes,Yes,No,,PASS
https://nrlc.ai/services/technical-seo/leicester/,none,en-gb,No,N/A,Yes,No,,PASS
https://nrlc.ai/en-gb/services/local-seo-ai/southport/,en-gb,en-gb,Yes,N/A,Yes,Yes,,PASS
https://nrlc.ai/de-de/services/semantic-seo-ai/middlesbrough/,de-de,en-gb,No,Yes,Yes,No,,PASS
https://nrlc.ai/en-gb/services/b2b-seo-ai/southend-on-sea/,en-gb,en-gb,Yes,N/A,Yes,Yes,,PASS
https://nrlc.ai/en-gb/services/contextual-seo-ai/southport/,en-gb,en-gb,Yes,N/A,Yes,Yes,,PASS
https://nrlc.ai/en-us/services/b2b-seo-ai/norwich/,en-us,en-gb,No,Yes,Yes,No,,PASS
https://nrlc.ai/en-us/services/local-seo-ai/new-orleans/,en-us,en-us,Yes,N/A,Yes,Yes,,PASS
https://nrlc.ai/en-us/services/conversion-optimization-ai/tucson/,en-us,en-us,Yes,N/A,Yes,Yes,,PASS
https://nrlc.ai/en-us/services/claude-optimization/boston/,en-us,en-us,Yes,N/A,Yes,Yes,,PASS
https://nrlc.ai/en-us/services/intent-optimization-ai/detroit/,en-us,en-us,Yes,N/A,Yes,Yes,,PASS
https://nrlc.ai/en-gb/services/conversational-seo-ai/northampton/,en-gb,en-gb,Yes,N/A,Yes,Yes,,PASS
https://nrlc.ai/en-gb/services/explainability-optimization-ai/huddersfield/,en-gb,en-gb,Yes,N/A,Yes,Yes,,PASS
https://nrlc.ai/services/generative-seo/huddersfield/,none,en-gb,No,N/A,Yes,No,,PASS
https://nrlc.ai/services/generative-seo/glasgow/,none,en-gb,No,N/A,Yes,No,,PASS
https://nrlc.ai/en-us/services/claude-optimization/toronto/,en-us,en-us,Yes,N/A,Yes,Yes,,PASS
https://nrlc.ai/en-us/services/conversion-optimization-ai/memphis/,en-us,en-us,Yes,N/A,Yes,Yes,,PASS
https://nrlc.ai/en-us/services/technical-seo/plymouth/,en-us,en-gb,No,Yes,Yes,No,,PASS
https://nrlc.ai/es-es/services/ai-search-optimization/norwich/,es-es,en-gb,No,Yes,Yes,No,,PASS
https://nrlc.ai/en-gb/services/mobile-seo-ai/cambridge/,en-gb,en-gb,Yes,N/A,Yes,Yes,,PASS
https://nrlc.ai/en-us/services/site-audits/jacksonville/,en-us,en-us,Yes,N/A,Yes,Yes,,PASS
https://nrlc.ai/fr-fr/services/structured-data-ai/norwich/,fr-fr,en-gb,No,Yes,Yes,No,,PASS
https://nrlc.ai/fr-fr/services/conversion-optimization-ai/birmingham/,fr-fr,en-gb,No,Yes,Yes,No,,PASS
https://nrlc.ai/de-de/services/ecommerce-ai-seo/guelph/,de-de,en-us,No,Yes,Yes,No,,PASS
https://nrlc.ai/fr-fr/services/voice-search-optimization/kelowna/,fr-fr,en-us,No,Yes,Yes,No,,PASS
https://nrlc.ai/en-us/services/generative-seo/detroit/,en-us,en-us,Yes,N/A,Yes,Yes,,PASS
https://nrlc.ai/en-gb/services/ai-search-optimization/oklahoma-city/,en-gb,en-us,No,Yes,Yes,No,,PASS
https://nrlc.ai/es-es/services/copilot-optimization/kawagoe/,es-es,en-us,No,Yes,Yes,No,,PASS
https://nrlc.ai/en-us/services/conversion-optimization-ai/kansas-city/,en-us,en-us,Yes,N/A,Yes,Yes,,PASS
https://nrlc.ai/en-gb/services/training/birmingham/,en-gb,en-gb,Yes,N/A,Yes,Yes,,PASS
https://nrlc.ai/en-us/services/entity-optimization-ai/abbotsford/,en-us,en-us,Yes,N/A,Yes,Yes,,PASS
https://nrlc.ai/fr-fr/services/technical-seo/calgary/,fr-fr,en-us,No,Yes,Yes,No,,PASS
https://nrlc.ai/en-us/services/chatgpt-optimization/kansas-city/,en-us,en-us,Yes,N/A,Yes,Yes,,PASS
https://nrlc.ai/en-us/services/entity-optimization-ai/nashville/,en-us,en-us,Yes,N/A,Yes,Yes,,PASS
https://nrlc.ai/en-gb/services/ai-search-optimization/edinburgh/,en-gb,en-gb,Yes,N/A,Yes,Yes,,PASS
https://nrlc.ai/en-us/services/verification-optimization-ai/jacksonville/,en-us,en-us,Yes,N/A,Yes,Yes,,PASS
https://nrlc.ai/en-us/services/conversion-optimization-ai/columbus/,en-us,en-us,Yes,N/A,Yes,Yes,,PASS
https://nrlc.ai/en-us/services/conversion-optimization-ai/new-orleans/,en-us,en-us,Yes,N/A,Yes,Yes,,PASS
https://nrlc.ai/en-us/services/technical-seo/coventry/,en-us,en-gb,No,Yes,Yes,No,,PASS
https://nrlc.ai/en-us/services/agentic-seo/glasgow/,en-us,en-gb,No,Yes,Yes,No,,PASS
https://nrlc.ai/ko-kr/services/claude-optimization/huddersfield/,ko-kr,en-gb,No,Yes,Yes,No,,PASS
https://nrlc.ai/fr-fr/services/local-seo-ai/oldham/,fr-fr,en-gb,No,Yes,Yes,No,,PASS
https://nrlc.ai/de-de/services/agentic-seo/stoke-on-trent/,de-de,en-gb,No,Yes,Yes,No,,PASS
https://nrlc.ai/en-gb/services/ecommerce-ai-seo/huddersfield/,en-gb,en-gb,Yes,N/A,Yes,Yes,,PASS
https://nrlc.ai/en-us/services/llm-optimization/singapore/,en-us,en-us,Yes,N/A,Yes,Yes,,PASS
https://nrlc.ai/services/training/memphis/,none,en-us,No,N/A,Yes,No,,PASS
https://nrlc.ai/ko-kr/services/link-building-ai/southampton/,ko-kr,en-gb,No,Yes,Yes,No,,PASS
https://nrlc.ai/en-gb/services/conversion-optimization-ai/albuquerque/,en-gb,en-us,No,Yes,Yes,No,,PASS
https://nrlc.ai/en-us/services/multimodal-seo-ai/indianapolis/,en-us,en-us,Yes,N/A,Yes,Yes,,PASS
https://nrlc.ai/services/conversion-optimization-ai/birmingham/,none,en-gb,No,N/A,Yes,No,,PASS
https://nrlc.ai/en-us/services/analytics/new-orleans/,en-us,en-us,Yes,N/A,Yes,Yes,,PASS
https://nrlc.ai/en-us/services/international-seo/miami/,en-us,en-us,Yes,N/A,Yes,Yes,,PASS
https://nrlc.ai/en-us/services/ai-citation-optimization/jacksonville/,en-us,en-us,Yes,N/A,Yes,Yes,,PASS
https://nrlc.ai/ko-kr/services/authority-optimization-ai/norwich/,ko-kr,en-gb,No,Yes,Yes,No,,PASS
https://nrlc.ai/services/international-seo/singapore/,none,en-us,No,N/A,Yes,No,,PASS
https://nrlc.ai/es-es/services/copilot-optimization/busan/,es-es,en-us,No,Yes,Yes,No,,PASS
https://nrlc.ai/en-gb/services/relevance-optimization-ai/oshawa/,en-gb,en-us,No,Yes,Yes,No,,PASS
https://nrlc.ai/ko-kr/services/perplexity-optimization/stoke-on-trent/,ko-kr,en-gb,No,Yes,Yes,No,,PASS
https://nrlc.ai/es-es/services/training/manchester/,es-es,en-gb,No,Yes,Yes,No,,PASS
https://nrlc.ai/en-us/services/b2b-seo-ai/sayama/,en-us,en-us,Yes,N/A,Yes,Yes,,PASS
https://nrlc.ai/en-gb/services/site-audits/sudbury/,en-gb,en-gb,Yes,N/A,Yes,Yes,,PASS
https://nrlc.ai/en-us/services/mobile-seo-ai/new-orleans/,en-us,en-us,Yes,N/A,Yes,Yes,,PASS
https://nrlc.ai/en-us/services/llm-content-strategy/halifax/,en-us,en-gb,No,Yes,Yes,No,,PASS
https://nrlc.ai/de-de/services/technical-seo/plymouth/,de-de,en-gb,No,Yes,Yes,No,,PASS
https://nrlc.ai/fr-fr/services/training/norwich/,fr-fr,en-gb,No,Yes,Yes,No,,PASS
http://nrlc.ai/services/technical-seo/derby/,none,en-gb,No,N/A,Yes,No,,PASS
https://nrlc.ai/en-gb/services/technical-audit-ai/hull/,en-gb,en-gb,Yes,N/A,Yes,Yes,,PASS
https://nrlc.ai/en-us/services/voice-search-optimization/stockport/,en-us,en-gb,No,Yes,Yes,No,,PASS
https://nrlc.ai/es-es/services/conversational-seo-ai/oldham/,es-es,en-gb,No,Yes,Yes,No,,PASS
https://nrlc.ai/de-de/services/intent-optimization-ai/southport/,de-de,en-gb,No,Yes,Yes,No,,PASS
https://nrlc.ai/en-us/services/generative-seo/ottawa/,en-us,en-us,Yes,N/A,Yes,Yes,,PASS
https://nrlc.ai/ko-kr/services/claude-optimization/nottingham/,ko-kr,en-gb,No,Yes,Yes,No,,PASS
https://nrlc.ai/en-us/services/technical-audit-ai/nottingham/,en-us,en-gb,No,Yes,Yes,No,,PASS
https://nrlc.ai/es-es/services/conversational-seo-ai/oakland/,es-es,en-us,No,Yes,Yes,No,,PASS
https://nrlc.ai/en-us/services/perplexity-optimization/abbotsford/,en-us,en-us,Yes,N/A,Yes,Yes,,PASS
https://nrlc.ai/services/copilot-optimization/chicago/,none,en-us,No,N/A,Yes,No,,PASS
https://nrlc.ai/ko-kr/services/ai-search-optimization/bristol/,ko-kr,en-gb,No,Yes,Yes,No,,PASS
https://nrlc.ai/ko-kr/services/claude-optimization/san-francisco/,ko-kr,en-us,No,Yes,Yes,No,,PASS
https://nrlc.ai/en-us/services/retrieval-optimization-ai/southampton/,en-us,en-gb,No,Yes,Yes,No,,PASS
https://nrlc.ai/en-us/services/ai-search-optimization/kansas-city/,en-us,en-us,Yes,N/A,Yes,Yes,,PASS
https://nrlc.ai/en-us/services/conversion-optimization-ai/nashville/,en-us,en-us,Yes,N/A,Yes,Yes,,PASS
https://nrlc.ai/en-us/services/analytics/charlotte/,en-us,en-us,Yes,N/A,Yes,Yes,,PASS
https://nrlc.ai/en-gb/services/ai-citation-optimization/nottingham/,en-gb,en-gb,Yes,N/A,Yes,Yes,,PASS
https://nrlc.ai/fr-fr/services/agentic-seo/indianapolis/,fr-fr,en-us,No,Yes,Yes,No,,PASS
https://nrlc.ai/services/topic-modeling-ai/middlesbrough/,none,en-gb,No,N/A,Yes,No,,PASS
https://nrlc.ai/en-us/services/ai-search-optimization/chicago/,en-us,en-us,Yes,N/A,Yes,Yes,,PASS
https://nrlc.ai/en-gb/services/local-seo-ai/stockport/,en-gb,en-gb,Yes,N/A,Yes,Yes,,PASS
https://nrlc.ai/en-us/services/perplexity-optimization/newcastle/,en-us,en-gb,No,Yes,Yes,No,,PASS
https://nrlc.ai/es-es/services/site-audits/hull/,es-es,en-gb,No,Yes,Yes,No,,PASS
https://nrlc.ai/en-us/services/llm-optimization/tulsa/,en-us,en-us,Yes,N/A,Yes,Yes,,PASS
https://nrlc.ai/en-us/services/conversion-optimization-ai/windsor/,en-us,en-us,Yes,N/A,Yes,Yes,,PASS
https://nrlc.ai/de-de/services/training/kansas-city/,de-de,en-us,No,Yes,Yes,No,,PASS
https://nrlc.ai/en-us/services/claude-optimization/guelph/,en-us,en-us,Yes,N/A,Yes,Yes,,PASS
https://nrlc.ai/en-us/services/link-building-ai/kelowna/,en-us,en-us,Yes,N/A,Yes,Yes,,PASS
https://nrlc.ai/en-us/services/ai-overviews-optimization/nashville/,en-us,en-us,Yes,N/A,Yes,Yes,,PASS
https://nrlc.ai/en-us/services/conversion-optimization-ai/calgary/,en-us,en-us,Yes,N/A,Yes,Yes,,PASS
https://nrlc.ai/en-us/services/mobile-seo-ai/omaha/,en-us,en-us,Yes,N/A,Yes,Yes,,PASS
https://nrlc.ai/services/explainability-optimization-ai/singapore/,none,en-us,No,N/A,Yes,No,,PASS
https://nrlc.ai/es-es/services/ai-search-optimization/glasgow/,es-es,en-gb,No,Yes,Yes,No,,PASS
https://nrlc.ai/en-gb/services/training/philadelphia/,en-gb,en-us,No,Yes,Yes,No,,PASS
https://nrlc.ai/en-us/services/ecommerce-ai-seo/ottawa/,en-us,en-us,Yes,N/A,Yes,Yes,,PASS
https://nrlc.ai/services/local-seo-ai/middlesbrough/,none,en-gb,No,N/A,Yes,No,,PASS
https://nrlc.ai/fr-fr/services/technical-seo/plymouth/,fr-fr,en-gb,No,Yes,Yes,No,,PASS
https://nrlc.ai/en-gb/services/technical-seo/northampton/,en-gb,en-gb,Yes,N/A,Yes,Yes,,PASS
https://nrlc.ai/es-es/services/international-seo/oakland/,es-es,en-us,No,Yes,Yes,No,,PASS
https://nrlc.ai/en-us/services/llm-seeding/jacksonville/,en-us,en-us,Yes,N/A,Yes,Yes,,PASS
https://nrlc.ai/ko-kr/services/ai-overviews-optimization/cambridge/,ko-kr,en-gb,No,Yes,Yes,No,,PASS
https://nrlc.ai/en-us/services/analytics/glasgow/,en-us,en-gb,No,Yes,Yes,No,,PASS
https://nrlc.ai/en-us/services/competitor-analysis-ai/colorado-springs/,en-us,en-us,Yes,N/A,Yes,Yes,,PASS
https://nrlc.ai/en-us/services/claude-optimization/london/,en-us,en-gb,No,Yes,Yes,No,,PASS
https://nrlc.ai/en-gb/services/conversion-optimization-ai/omaha/,en-gb,en-us,No,Yes,Yes,No,,PASS
https://nrlc.ai/services/ai-search-optimization/raleigh/,none,en-us,No,N/A,Yes,No,,PASS
https://nrlc.ai/en-us/services/claude-optimization/derby/,en-us,en-gb,No,Yes,Yes,No,,PASS
https://nrlc.ai/en-us/services/ranking-optimization-ai/arlington/,en-us,en-us,Yes,N/A,Yes,Yes,,PASS
https://nrlc.ai/en-us/services/b2b-seo-ai/indianapolis/,en-us,en-us,Yes,N/A,Yes,Yes,,PASS
https://nrlc.ai/ko-kr/services/recommendation-ai/southport/,ko-kr,en-gb,No,Yes,Yes,No,,PASS
https://nrlc.ai/en-us/services/chatgpt-optimization/london/,en-us,en-gb,No,Yes,Yes,No,,PASS
https://nrlc.ai/en-us/services/multimodal-seo-ai/glasgow/,en-us,en-gb,No,Yes,Yes,No,,PASS
https://nrlc.ai/es-es/services/generative-seo/hull/,es-es,en-gb,No,Yes,Yes,No,,PASS
https://nrlc.ai/en-us/services/llm-content-strategy/jacksonville/,en-us,en-us,Yes,N/A,Yes,Yes,,PASS
https://nrlc.ai/de-de/services/local-seo-ai/oldham/,de-de,en-gb,No,Yes,Yes,No,,PASS
https://nrlc.ai/services/generative-seo/middlesbrough/,none,en-gb,No,N/A,Yes,No,,PASS
https://nrlc.ai/en-us/services/ranking-optimization-ai/southampton/,en-us,en-gb,No,Yes,Yes,No,,PASS
https://nrlc.ai/en-us/services/b2b-seo-ai/singapore/,en-us,en-us,Yes,N/A,Yes,Yes,,PASS
https://nrlc.ai/en-us/services/authority-optimization-ai/abbotsford/,en-us,en-us,Yes,N/A,Yes,Yes,,PASS
https://nrlc.ai/en-us/services/mobile-seo-ai/charlotte/,en-us,en-us,Yes,N/A,Yes,Yes,,PASS
https://nrlc.ai/en-us/services/ecommerce-ai-seo/singapore/,en-us,en-us,Yes,N/A,Yes,Yes,,PASS
https://nrlc.ai/fr-fr/services/technical-audit-ai/oldham/,fr-fr,en-gb,No,Yes,Yes,No,,PASS
https://nrlc.ai/ko-kr/services/local-seo-ai/norwich/,ko-kr,en-gb,No,Yes,Yes,No,,PASS
https://nrlc.ai/es-es/services/b2b-seo-ai/sayama/,es-es,en-us,No,Yes,Yes,No,,PASS
https://nrlc.ai/fr-fr/services/b2b-seo-ai/sayama/,fr-fr,en-us,No,Yes,Yes,No,,PASS
https://nrlc.ai/en-us/services/generative-seo/san-diego/,en-us,en-us,Yes,N/A,Yes,Yes,,PASS
https://nrlc.ai/fr-fr/services/semantic-seo-ai/phoenix/,fr-fr,en-us,No,Yes,Yes,No,,PASS
https://nrlc.ai/en-us/services/mobile-seo-ai/ottawa/,en-us,en-us,Yes,N/A,Yes,Yes,,PASS
https://nrlc.ai/en-us/services/training/norwich/,en-us,en-gb,No,Yes,Yes,No,,PASS
https://nrlc.ai/services/structured-data-ai/jacksonville/,none,en-us,No,N/A,Yes,No,,PASS
https://nrlc.ai/en-us/services/voice-search-optimization/omaha/,en-us,en-us,Yes,N/A,Yes,Yes,,PASS
https://nrlc.ai/en-us/services/perplexity-optimization/seattle/,en-us,en-us,Yes,N/A,Yes,Yes,,PASS
https://nrlc.ai/en-us/services/conversion-optimization-ai/ottawa/,en-us,en-us,Yes,N/A,Yes,Yes,,PASS
https://nrlc.ai/en-us/services/local-seo-ai/jacksonville/,en-us,en-us,Yes,N/A,Yes,Yes,,PASS
http://nrlc.ai/services/generative-seo/glasgow/,none,en-gb,No,N/A,Yes,No,,PASS
https://nrlc.ai/en-us/services/technical-seo/leicester/,en-us,en-gb,No,Yes,Yes,No,,PASS
https://nrlc.ai/en-gb/services/training/glasgow/,en-gb,en-gb,Yes,N/A,Yes,Yes,,PASS
https://nrlc.ai/en-gb/services/content-optimization-ai/jacksonville/,en-gb,en-us,No,Yes,Yes,No,,PASS
https://nrlc.ai/en-us/services/explainability-optimization-ai/oldham/,en-us,en-gb,No,Yes,Yes,No,,PASS
https://nrlc.ai/ko-kr/services/agentic-seo/houston/,ko-kr,en-us,No,Yes,Yes,No,,PASS
https://nrlc.ai/en-us/services/copilot-optimization/stoke-on-trent/,en-us,en-gb,No,Yes,Yes,No,,PASS
https://nrlc.ai/de-de/services/conversational-seo-ai/indianapolis/,de-de,en-us,No,Yes,Yes,No,,PASS
https://nrlc.ai/services/semantic-seo-ai/jacksonville/,none,en-us,No,N/A,Yes,No,,PASS
https://nrlc.ai/services/retrieval-optimization-ai/oldham/,none,en-gb,No,N/A,Yes,No,,PASS
https://nrlc.ai/fr-fr/services/training/birmingham/,fr-fr,en-gb,No,Yes,Yes,No,,PASS
http://nrlc.ai/en-us/services/conversion-optimization-ai/huddersfield/,en-us,en-gb,No,Yes,Yes,No,"Redirect does not go to canonical",FAIL
https://nrlc.ai/en-gb/services/conversational-seo-ai/oshawa/,en-gb,en-us,No,Yes,Yes,No,,PASS
https://nrlc.ai/de-de/services/technical-seo/chicago/,de-de,en-us,No,Yes,Yes,No,,PASS
https://nrlc.ai/en-us/services/technical-seo/oklahoma-city/,en-us,en-us,Yes,N/A,Yes,Yes,,PASS
https://nrlc.ai/en-us/services/competitor-analysis-ai/san-antonio/,en-us,en-us,Yes,N/A,Yes,Yes,,PASS
https://nrlc.ai/services/llm-optimization/tokyo/,none,en-us,No,N/A,Yes,No,,PASS
https://nrlc.ai/en-us/services/claude-optimization/fresno/,en-us,en-us,Yes,N/A,Yes,Yes,,PASS
https://nrlc.ai/fr-fr/services/conversion-optimization-ai/wolverhampton/,fr-fr,en-gb,No,Yes,Yes,No,,PASS
https://nrlc.ai/en-gb/services/conversational-seo-ai/blackpool/,en-gb,en-gb,Yes,N/A,Yes,Yes,,PASS
https://nrlc.ai/en-us/services/ranking-optimization-ai/plymouth/,en-us,en-gb,No,Yes,Yes,No,,PASS
https://nrlc.ai/en-us/services/ecommerce-ai-seo/belfast/,en-us,en-gb,No,Yes,Yes,No,,PASS
https://nrlc.ai/services/ranking-optimization-ai/singapore/,none,en-us,No,N/A,Yes,No,,PASS
http://nrlc.ai/en-us/services/ranking-optimization-ai/stockport/,en-us,en-gb,No,Yes,Yes,No,"Redirect does not go to canonical",FAIL
https://nrlc.ai/en-us/services/agentic-seo/burnley/,en-us,en-gb,No,Yes,Yes,No,,PASS
https://nrlc.ai/en-us/services/ai-overviews-optimization/chicago/,en-us,en-us,Yes,N/A,Yes,Yes,,PASS
https://nrlc.ai/en-us/services/site-audits/cambridge/,en-us,en-gb,No,Yes,Yes,No,,PASS
https://nrlc.ai/en-us/services/ranking-optimization-ai/detroit/,en-us,en-us,Yes,N/A,Yes,Yes,,PASS
https://nrlc.ai/ko-kr/services/ai-search-optimization/kansas-city/,ko-kr,en-us,No,Yes,Yes,No,,PASS
https://nrlc.ai/en-us/services/conversational-seo-ai/jacksonville/,en-us,en-us,Yes,N/A,Yes,Yes,,PASS
https://nrlc.ai/services/b2b-seo-ai/southend-on-sea/,none,en-gb,No,N/A,Yes,No,,PASS
https://nrlc.ai/en-us/services/analytics/wolverhampton/,en-us,en-gb,No,Yes,Yes,No,,PASS
https://nrlc.ai/fr-fr/services/schema-markup-ai/stockport/,fr-fr,en-gb,No,Yes,Yes,No,,PASS
https://nrlc.ai/fr-fr/services/local-seo-ai/calgary/,fr-fr,en-us,No,Yes,Yes,No,,PASS
https://nrlc.ai/en-gb/services/ai-search-optimization/singapore/,en-gb,en-us,No,Yes,Yes,No,,PASS
https://nrlc.ai/es-es/services/site-audits/nottingham/,es-es,en-gb,No,Yes,Yes,No,,PASS
https://nrlc.ai/en-us/services/technical-audit-ai/leicester/,en-us,en-gb,No,Yes,Yes,No,,PASS
https://nrlc.ai/fr-fr/services/analytics/wolverhampton/,fr-fr,en-gb,No,Yes,Yes,No,,PASS
https://nrlc.ai/en-gb/services/llm-optimization/cambridge/,en-gb,en-gb,Yes,N/A,Yes,Yes,,PASS
https://nrlc.ai/services/ranking-optimization-ai/newcastle/,none,en-gb,No,N/A,Yes,No,,PASS
https://nrlc.ai/ko-kr/services/intent-optimization-ai/raleigh/,ko-kr,en-us,No,Yes,Yes,No,,PASS
https://nrlc.ai/en-us/services/training/winnipeg/,en-us,en-us,Yes,N/A,Yes,Yes,,PASS
https://nrlc.ai/en-us/services/technical-seo/goyang/,en-us,en-us,Yes,N/A,Yes,Yes,,PASS
https://nrlc.ai/en-us/services/training/memphis/,en-us,en-us,Yes,N/A,Yes,Yes,,PASS
https://nrlc.ai/services/conversion-optimization-ai/halifax/,none,en-gb,No,N/A,Yes,No,,PASS
https://nrlc.ai/services/link-building-ai/oklahoma-city/,none,en-us,No,N/A,Yes,No,,PASS
https://nrlc.ai/en-us/services/conversion-optimization-ai/el-paso/,en-us,en-us,Yes,N/A,Yes,Yes,,PASS
https://nrlc.ai/en-us/services/copilot-optimization/london/,en-us,en-gb,No,Yes,Yes,No,,PASS
https://nrlc.ai/fr-fr/services/conversion-optimization-ai/virginia-beach/,fr-fr,en-us,No,Yes,Yes,No,,PASS
https://nrlc.ai/services/site-audits/raleigh/,none,en-us,No,N/A,Yes,No,,PASS
http://nrlc.ai/en-us/services/technical-seo/middlesbrough/,en-us,en-gb,No,Yes,Yes,No,"Redirect does not go to canonical",FAIL
https://nrlc.ai/en-us/services/ai-search-optimization/montreal/,en-us,en-us,Yes,N/A,Yes,Yes,,PASS
https://nrlc.ai/en-us/services/training/dallas/,en-us,en-us,Yes,N/A,Yes,Yes,,PASS
https://nrlc.ai/en-us/services/multimodal-seo-ai/omaha/,en-us,en-us,Yes,N/A,Yes,Yes,,PASS
http://nrlc.ai/en-us/services/international-seo/chicago/,en-us,en-us,Yes,N/A,Yes,No,,PASS
https://nrlc.ai/ko-kr/services/ai-citation-optimization/nottingham/,ko-kr,en-gb,No,Yes,Yes,No,,PASS
https://nrlc.ai/en-gb/services/site-audits/stockport/,en-gb,en-gb,Yes,N/A,Yes,Yes,,PASS
https://nrlc.ai/en-gb/services/copilot-optimization/seongnam/,en-gb,en-us,No,Yes,Yes,No,,PASS
https://nrlc.ai/en-us/services/perplexity-optimization/louisville/,en-us,en-us,Yes,N/A,Yes,Yes,,PASS
https://nrlc.ai/en-us/services/multimodal-seo-ai/stockport/,en-us,en-gb,No,Yes,Yes,No,,PASS
https://nrlc.ai/en-us/services/structured-data-ai/middlesbrough/,en-us,en-gb,No,Yes,Yes,No,,PASS
https://nrlc.ai/en-us/services/contextual-seo-ai/jacksonville/,en-us,en-us,Yes,N/A,Yes,Yes,,PASS
https://nrlc.ai/es-es/services/ranking-optimization-ai/oldham/,es-es,en-gb,No,Yes,Yes,No,,PASS
https://nrlc.ai/fr-fr/services/competitor-analysis-ai/norwich/,fr-fr,en-gb,No,Yes,Yes,No,,PASS
https://nrlc.ai/en-us/services/ranking-optimization-ai/denver/,en-us,en-us,Yes,N/A,Yes,Yes,,PASS
https://nrlc.ai/de-de/services/local-seo-ai/huddersfield/,de-de,en-gb,No,Yes,Yes,No,,PASS
https://nrlc.ai/de-de/services/international-seo/jacksonville/,de-de,en-us,No,Yes,Yes,No,,PASS
https://nrlc.ai/es-es/services/agentic-seo/houston/,es-es,en-us,No,Yes,Yes,No,,PASS
https://nrlc.ai/en-us/services/voice-search-optimization/oldham/,en-us,en-gb,No,Yes,Yes,No,,PASS
https://nrlc.ai/en-us/services/perplexity-optimization/cardiff/,en-us,en-gb,No,Yes,Yes,No,,PASS
https://nrlc.ai/en-us/services/training/glasgow/,en-us,en-gb,No,Yes,Yes,No,,PASS
https://nrlc.ai/en-gb/services/technical-audit-ai/cambridge/,en-gb,en-gb,Yes,N/A,Yes,Yes,,PASS
https://nrlc.ai/fr-fr/services/agentic-seo/coventry/,fr-fr,en-gb,No,Yes,Yes,No,,PASS
https://nrlc.ai/ko-kr/services/site-audits/birmingham/,ko-kr,en-gb,No,Yes,Yes,No,,PASS
https://nrlc.ai/en-us/services/ai-search-optimization/southport/,en-us,en-gb,No,Yes,Yes,No,,PASS
https://nrlc.ai/de-de/services/technical-seo/norwich/,de-de,en-gb,No,Yes,Yes,No,,PASS
https://nrlc.ai/en-gb/services/semantic-seo-ai/northampton/,en-gb,en-gb,Yes,N/A,Yes,Yes,,PASS
https://nrlc.ai/en-us/services/metadata-optimization-ai/detroit/,en-us,en-us,Yes,N/A,Yes,Yes,,PASS
https://nrlc.ai/en-gb/services/technical-audit-ai/newcastle/,en-gb,en-gb,Yes,N/A,Yes,Yes,,PASS
https://nrlc.ai/services/authority-optimization-ai/detroit/,none,en-us,No,N/A,Yes,No,,PASS
https://nrlc.ai/en-us/services/training/detroit/,en-us,en-us,Yes,N/A,Yes,Yes,,PASS
https://nrlc.ai/en-us/services/link-building-ai/san-antonio/,en-us,en-us,Yes,N/A,Yes,Yes,,PASS
https://nrlc.ai/en-gb/services/analytics/san-diego/,en-gb,en-us,No,Yes,Yes,No,,PASS
https://nrlc.ai/fr-fr/services/technical-seo/miami/,fr-fr,en-us,No,Yes,Yes,No,,PASS
https://nrlc.ai/fr-fr/services/training/baltimore/,fr-fr,en-us,No,Yes,Yes,No,,PASS
https://nrlc.ai/services/conversion-optimization-ai/omaha/,none,en-us,No,N/A,Yes,No,,PASS
https://nrlc.ai/en-us/services/conversion-optimization-ai/louisville/,en-us,en-us,Yes,N/A,Yes,Yes,,PASS
https://nrlc.ai/en-gb/services/conversion-optimization-ai/tucson/,en-gb,en-us,No,Yes,Yes,No,,PASS
https://nrlc.ai/services/content-optimization-ai/bristol/,none,en-gb,No,N/A,Yes,No,,PASS
https://nrlc.ai/fr-fr/services/conversion-optimization-ai/oklahoma-city/,fr-fr,en-us,No,Yes,Yes,No,,PASS
https://nrlc.ai/en-us/services/perplexity-optimization/manchester/,en-us,en-gb,No,Yes,Yes,No,,PASS
https://nrlc.ai/en-us/services/conversion-optimization-ai/minneapolis/,en-us,en-us,Yes,N/A,Yes,Yes,,PASS
https://nrlc.ai/services/content-optimization-ai/milwaukee/,none,en-us,No,N/A,Yes,No,,PASS
https://nrlc.ai/en-us/services/ranking-optimization-ai/stockport/,en-us,en-gb,No,Yes,Yes,No,,PASS
http://nrlc.ai/en-us/services/ai-search-optimization/arlington/,en-us,en-us,Yes,N/A,Yes,No,,PASS
https://nrlc.ai/en-us/services/generative-seo/stockport/,en-us,en-gb,No,Yes,Yes,No,,PASS
https://nrlc.ai/en-us/services/ai-search-optimization/ottawa/,en-us,en-us,Yes,N/A,Yes,Yes,,PASS
https://nrlc.ai/es-es/services/completeness-optimization-ai/burnley/,es-es,en-gb,No,Yes,Yes,No,,PASS
https://nrlc.ai/es-es/services/site-audits/sudbury/,es-es,en-gb,No,Yes,Yes,No,,PASS
https://nrlc.ai/en-us/services/ai-search-optimization/indianapolis/,en-us,en-us,Yes,N/A,Yes,Yes,,PASS
https://nrlc.ai/ko-kr/services/schema-markup-ai/huddersfield/,ko-kr,en-gb,No,Yes,Yes,No,,PASS
https://nrlc.ai/en-gb/services/ranking-optimization-ai/baltimore/,en-gb,en-us,No,Yes,Yes,No,,PASS
https://nrlc.ai/en-us/services/llm-seeding/leeds/,en-us,en-gb,No,Yes,Yes,No,,PASS
https://nrlc.ai/en-us/services/content-optimization-ai/stockport/,en-us,en-gb,No,Yes,Yes,No,,PASS
https://nrlc.ai/en-us/services/b2b-seo-ai/charlotte/,en-us,en-us,Yes,N/A,Yes,Yes,,PASS
https://nrlc.ai/en-us/services/claude-optimization/ottawa/,en-us,en-us,Yes,N/A,Yes,Yes,,PASS
https://nrlc.ai/fr-fr/services/perplexity-optimization/sejong/,fr-fr,en-us,No,Yes,Yes,No,,PASS
https://nrlc.ai/ko-kr/services/personalization-ai/blackpool/,ko-kr,en-gb,No,Yes,Yes,No,,PASS
https://nrlc.ai/en-us/services/ranking-optimization-ai/dallas/,en-us,en-us,Yes,N/A,Yes,Yes,,PASS
https://nrlc.ai/en-us/services/personalization-ai/oldham/,en-us,en-gb,No,Yes,Yes,No,,PASS
https://nrlc.ai/en-us/services/b2b-seo-ai/calgary/,en-us,en-us,Yes,N/A,Yes,Yes,,PASS
https://nrlc.ai/ko-kr/services/metadata-optimization-ai/blackpool/,ko-kr,en-gb,No,Yes,Yes,No,,PASS
https://nrlc.ai/en-us/services/international-seo/abbotsford/,en-us,en-us,Yes,N/A,Yes,Yes,,PASS
https://nrlc.ai/es-es/services/mobile-seo-ai/oldham/,es-es,en-gb,No,Yes,Yes,No,,PASS
https://nrlc.ai/services/technical-seo/birmingham/,none,en-gb,No,N/A,Yes,No,,PASS
https://nrlc.ai/ko-kr/services/ai-citation-optimization/abbotsford/,ko-kr,en-us,No,Yes,Yes,No,,PASS
https://nrlc.ai/en-gb/services/mobile-seo-ai/oldham/,en-gb,en-gb,Yes,N/A,Yes,Yes,,PASS
https://nrlc.ai/services/international-seo/oldham/,none,en-gb,No,N/A,Yes,No,,PASS
https://nrlc.ai/en-gb/services/ecommerce-ai-seo/derby/,en-gb,en-gb,Yes,N/A,Yes,Yes,,PASS
https://nrlc.ai/de-de/services/trust-optimization-ai/huddersfield/,de-de,en-gb,No,Yes,Yes,No,,PASS
https://nrlc.ai/en-us/services/technical-seo/southport/,en-us,en-gb,No,Yes,Yes,No,,PASS
https://nrlc.ai/en-us/services/b2b-seo-ai/huddersfield/,en-us,en-gb,No,Yes,Yes,No,,PASS
https://nrlc.ai/en-gb/services/authority-optimization-ai/sudbury/,en-gb,en-gb,Yes,N/A,Yes,Yes,,PASS
https://nrlc.ai/en-us/services/contextual-seo-ai/goyang/,en-us,en-us,Yes,N/A,Yes,Yes,,PASS
https://nrlc.ai/en-us/services/ai-overviews-optimization/austin/,en-us,en-us,Yes,N/A,Yes,Yes,,PASS
https://nrlc.ai/en-us/services/technical-audit-ai/houston/,en-us,en-us,Yes,N/A,Yes,Yes,,PASS
https://nrlc.ai/en-us/services/conversational-seo-ai/nashville/,en-us,en-us,Yes,N/A,Yes,Yes,,PASS
https://nrlc.ai/en-us/services/conversion-optimization-ai/raleigh/,en-us,en-us,Yes,N/A,Yes,Yes,,PASS
https://nrlc.ai/en-us/services/generative-seo/montreal/,en-us,en-us,Yes,N/A,Yes,Yes,,PASS
https://nrlc.ai/en-us/services/ai-search-optimization/omaha/,en-us,en-us,Yes,N/A,Yes,Yes,,PASS
https://nrlc.ai/en-us/services/conversion-optimization-ai/san-jose/,en-us,en-us,Yes,N/A,Yes,Yes,,PASS
https://nrlc.ai/en-us/services/technical-audit-ai/san-francisco/,en-us,en-us,Yes,N/A,Yes,Yes,,PASS
https://nrlc.ai/ko-kr/services/llm-content-strategy/stockport/,ko-kr,en-gb,No,Yes,Yes,No,,PASS
https://nrlc.ai/ko-kr/services/training/raleigh/,ko-kr,en-us,No,Yes,Yes,No,,PASS
https://nrlc.ai/en-gb/services/b2b-seo-ai/indianapolis/,en-gb,en-us,No,Yes,Yes,No,,PASS
https://nrlc.ai/en-us/services/perplexity-optimization/seongnam/,en-us,en-us,Yes,N/A,Yes,Yes,,PASS
https://nrlc.ai/ko-kr/services/agentic-seo/milwaukee/,ko-kr,en-us,No,Yes,Yes,No,,PASS
https://nrlc.ai/fr-fr/services/b2b-seo-ai/detroit/,fr-fr,en-us,No,Yes,Yes,No,,PASS
https://nrlc.ai/en-us/services/conversion-optimization-ai/indianapolis/,en-us,en-us,Yes,N/A,Yes,Yes,,PASS
https://nrlc.ai/en-gb/services/ecommerce-ai-seo/edinburgh/,en-gb,en-gb,Yes,N/A,Yes,Yes,,PASS
https://nrlc.ai/en-us/services/agentic-seo/dallas/,en-us,en-us,Yes,N/A,Yes,Yes,,PASS
https://nrlc.ai/en-gb/services/conversion-optimization-ai/baltimore/,en-gb,en-us,No,Yes,Yes,No,,PASS
https://nrlc.ai/services/generative-seo/coventry/,none,en-gb,No,N/A,Yes,No,,PASS
https://nrlc.ai/es-es/services/link-building-ai/northampton/,es-es,en-gb,No,Yes,Yes,No,,PASS
https://nrlc.ai/en-us/services/multimodal-seo-ai/kansas-city/,en-us,en-us,Yes,N/A,Yes,Yes,,PASS
https://nrlc.ai/en-gb/services/local-seo-ai/plymouth/,en-gb,en-gb,Yes,N/A,Yes,Yes,,PASS
https://nrlc.ai/en-us/services/perplexity-optimization/stockport/,en-us,en-gb,No,Yes,Yes,No,,PASS
https://nrlc.ai/en-us/services/analytics/singapore/,en-us,en-us,Yes,N/A,Yes,Yes,,PASS
https://nrlc.ai/en-gb/services/multimodal-seo-ai/oldham/,en-gb,en-gb,Yes,N/A,Yes,Yes,,PASS
https://nrlc.ai/en-us/services/retrieval-optimization-ai/jacksonville/,en-us,en-us,Yes,N/A,Yes,Yes,,PASS
https://nrlc.ai/en-gb/services/content-optimization-ai/stockport/,en-gb,en-gb,Yes,N/A,Yes,Yes,,PASS
https://nrlc.ai/en-us/services/generative-seo/oldham/,en-us,en-gb,No,Yes,Yes,No,,PASS
https://nrlc.ai/en-us/services/technical-audit-ai/calgary/,en-us,en-us,Yes,N/A,Yes,Yes,,PASS
https://nrlc.ai/en-gb/services/local-seo-ai/huddersfield/,en-gb,en-gb,Yes,N/A,Yes,Yes,,PASS
https://nrlc.ai/en-us/services/perplexity-optimization/oldham/,en-us,en-gb,No,Yes,Yes,No,,PASS
https://nrlc.ai/fr-fr/services/multimodal-seo-ai/singapore/,fr-fr,en-us,No,Yes,Yes,No,,PASS
https://nrlc.ai/en-us/services/explainability-optimization-ai/abbotsford/,en-us,en-us,Yes,N/A,Yes,Yes,,PASS
https://nrlc.ai/en-us/services/ai-search-optimization/hamilton/,en-us,en-us,Yes,N/A,Yes,Yes,,PASS
https://nrlc.ai/en-gb/services/perplexity-optimization/belfast/,en-gb,en-gb,Yes,N/A,Yes,Yes,,PASS
https://nrlc.ai/en-us/services/ecommerce-ai-seo/nottingham/,en-us,en-gb,No,Yes,Yes,No,,PASS
https://nrlc.ai/en-us/services/b2b-seo-ai/kingston/,en-us,en-us,Yes,N/A,Yes,Yes,,PASS
https://nrlc.ai/en-gb/services/link-building-ai/southport/,en-gb,en-gb,Yes,N/A,Yes,Yes,,PASS
https://nrlc.ai/ko-kr/services/b2b-seo-ai/chicago/,ko-kr,en-us,No,Yes,Yes,No,,PASS
https://nrlc.ai/fr-fr/services/relevance-optimization-ai/indianapolis/,fr-fr,en-us,No,Yes,Yes,No,,PASS
https://nrlc.ai/en-us/services/generative-seo/stoke-on-trent/,en-us,en-gb,No,Yes,Yes,No,,PASS
https://nrlc.ai/fr-fr/services/b2b-seo-ai/kingston/,fr-fr,en-us,No,Yes,Yes,No,,PASS
https://nrlc.ai/fr-fr/services/international-seo/oshawa/,fr-fr,en-us,No,Yes,Yes,No,,PASS
https://nrlc.ai/fr-fr/services/multimodal-seo-ai/guelph/,fr-fr,en-us,No,Yes,Yes,No,,PASS
https://nrlc.ai/fr-fr/services/generative-seo/guelph/,fr-fr,en-us,No,Yes,Yes,No,,PASS
https://nrlc.ai/en-us/services/international-seo/goyang/,en-us,en-us,Yes,N/A,Yes,Yes,,PASS
https://nrlc.ai/es-es/services/generative-seo/kansas-city/,es-es,en-us,No,Yes,Yes,No,,PASS
https://nrlc.ai/en-us/services/conversational-seo-ai/kazo/,en-us,en-us,Yes,N/A,Yes,Yes,,PASS
https://nrlc.ai/en-us/services/content-optimization-ai/ageo/,en-us,en-us,Yes,N/A,Yes,Yes,,PASS
https://nrlc.ai/en-us/services/personalization-ai/whitehorse/,en-us,en-us,Yes,N/A,Yes,Yes,,PASS
https://nrlc.ai/en-us/services/trust-optimization-ai/dallas/,en-us,en-us,Yes,N/A,Yes,Yes,,PASS
https://nrlc.ai/fr-fr/services/conversion-optimization-ai/ottawa/,fr-fr,en-us,No,Yes,Yes,No,,PASS
https://nrlc.ai/fr-fr/services/conversion-optimization-ai/omaha/,fr-fr,en-us,No,Yes,Yes,No,,PASS
https://nrlc.ai/en-us/services/agentic-seo/indianapolis/,en-us,en-us,Yes,N/A,Yes,Yes,,PASS
https://nrlc.ai/services/competitor-analysis-ai/chicago/,none,en-us,No,N/A,Yes,No,,PASS
http://nrlc.ai/en-us/services/semantic-seo-ai/jacksonville/,en-us,en-us,Yes,N/A,Yes,No,,PASS
https://nrlc.ai/en-us/services/featured-snippets-ai/leeds/,en-us,en-gb,No,Yes,Yes,No,,PASS
https://nrlc.ai/en-us/services/ranking-optimization-ai/el-paso/,en-us,en-us,Yes,N/A,Yes,Yes,,PASS
https://nrlc.ai/en-gb/services/competitor-analysis-ai/chicago/,en-gb,en-us,No,Yes,Yes,No,,PASS
https://nrlc.ai/ko-kr/services/agentic-seo/sudbury/,ko-kr,en-gb,No,Yes,Yes,No,,PASS
https://nrlc.ai/fr-fr/services/perplexity-optimization/columbus/,fr-fr,en-us,No,Yes,Yes,No,,PASS
https://nrlc.ai/ko-kr/services/perplexity-optimization/oldham/,ko-kr,en-gb,No,Yes,Yes,No,,PASS
https://nrlc.ai/services/technical-seo/minneapolis/,none,en-us,No,N/A,Yes,No,,PASS
https://nrlc.ai/de-de/services/training/southport/,de-de,en-gb,No,Yes,Yes,No,,PASS
https://nrlc.ai/en-us/services/training/chicago/,en-us,en-us,Yes,N/A,Yes,Yes,,PASS
https://nrlc.ai/services/copilot-optimization/stockport/,none,en-gb,No,N/A,Yes,No,,PASS
https://nrlc.ai/en-us/services/technical-seo/kansas-city/,en-us,en-us,Yes,N/A,Yes,Yes,,PASS
https://nrlc.ai/en-us/services/intent-optimization-ai/abbotsford/,en-us,en-us,Yes,N/A,Yes,Yes,,PASS
https://nrlc.ai/en-us/services/ai-search-optimization/edmonton/,en-us,en-us,Yes,N/A,Yes,Yes,,PASS
https://nrlc.ai/en-us/services/perplexity-optimization/huddersfield/,en-us,en-gb,No,Yes,Yes,No,,PASS
https://nrlc.ai/en-us/services/generative-seo/omaha/,en-us,en-us,Yes,N/A,Yes,Yes,,PASS
https://nrlc.ai/es-es/services/conversion-optimization-ai/oklahoma-city/,es-es,en-us,No,Yes,Yes,No,,PASS
https://nrlc.ai/es-es/services/llm-content-strategy/newcastle/,es-es,en-gb,No,Yes,Yes,No,,PASS
https://nrlc.ai/fr-fr/services/local-seo-ai/huddersfield/,fr-fr,en-gb,No,Yes,Yes,No,,PASS
https://nrlc.ai/en-us/services/conversational-seo-ai/charlotte/,en-us,en-us,Yes,N/A,Yes,Yes,,PASS
https://nrlc.ai/en-us/services/llm-optimization/oldham/,en-us,en-gb,No,Yes,Yes,No,,PASS
https://nrlc.ai/de-de/services/site-audits/huddersfield/,de-de,en-gb,No,Yes,Yes,No,,PASS
https://nrlc.ai/en-gb/services/trust-optimization-ai/oldham/,en-gb,en-gb,Yes,N/A,Yes,Yes,,PASS
https://nrlc.ai/en-us/services/trust-optimization-ai/northampton/,en-us,en-gb,No,Yes,Yes,No,,PASS
https://nrlc.ai/en-us/services/ai-search-optimization/new-orleans/,en-us,en-us,Yes,N/A,Yes,Yes,,PASS
https://nrlc.ai/en-us/services/b2b-seo-ai/chicago/,en-us,en-us,Yes,N/A,Yes,Yes,,PASS
https://nrlc.ai/services/ai-citation-optimization/southend-on-sea/,none,en-gb,No,N/A,Yes,No,,PASS
https://nrlc.ai/en-gb/services/conversational-seo-ai/huddersfield/,en-gb,en-gb,Yes,N/A,Yes,Yes,,PASS
https://nrlc.ai/de-de/services/conversational-seo-ai/hamilton/,de-de,en-us,No,Yes,Yes,No,,PASS
https://nrlc.ai/en-us/services/international-seo/halifax/,en-us,en-gb,No,Yes,Yes,No,,PASS
https://nrlc.ai/en-gb/services/retrieval-optimization-ai/oshawa/,en-gb,en-us,No,Yes,Yes,No,,PASS
https://nrlc.ai/en-us/services/content-optimization-ai/huddersfield/,en-us,en-gb,No,Yes,Yes,No,,PASS
http://nrlc.ai/en-gb/services/contextual-seo-ai/stoke-on-trent/,en-gb,en-gb,Yes,N/A,Yes,No,,PASS
https://nrlc.ai/es-es/services/retrieval-optimization-ai/burnley/,es-es,en-gb,No,Yes,Yes,No,,PASS
https://nrlc.ai/de-de/services/bard-optimization/stoke-on-trent/,de-de,en-gb,No,Yes,Yes,No,,PASS
https://nrlc.ai/en-us/services/site-audits/cardiff/,en-us,en-gb,No,Yes,Yes,No,,PASS
https://nrlc.ai/en-gb/services/generative-seo/southport/,en-gb,en-gb,Yes,N/A,Yes,Yes,,PASS
https://nrlc.ai/en-gb/services/relevance-optimization-ai/huddersfield/,en-gb,en-gb,Yes,N/A,Yes,Yes,,PASS
https://nrlc.ai/es-es/services/copilot-optimization/huddersfield/,es-es,en-gb,No,Yes,Yes,No,,PASS
https://nrlc.ai/en-gb/services/trust-optimization-ai/southport/,en-gb,en-gb,Yes,N/A,Yes,Yes,,PASS
https://nrlc.ai/en-us/services/technical-audit-ai/sheffield/,en-us,en-gb,No,Yes,Yes,No,,PASS
https://nrlc.ai/en-gb/services/technical-audit-ai/belfast/,en-gb,en-gb,Yes,N/A,Yes,Yes,,PASS
https://nrlc.ai/es-es/services/intent-optimization-ai/nottingham/,es-es,en-gb,No,Yes,Yes,No,,PASS
https://nrlc.ai/en-us/services/authority-optimization-ai/southend-on-sea/,en-us,en-gb,No,Yes,Yes,No,,PASS
https://nrlc.ai/en-us/services/llm-seeding/nashville/,en-us,en-us,Yes,N/A,Yes,Yes,,PASS
https://nrlc.ai/de-de/services/b2b-seo-ai/sayama/,de-de,en-us,No,Yes,Yes,No,,PASS
https://nrlc.ai/en-us/services/link-building-ai/kazo/,en-us,en-us,Yes,N/A,Yes,Yes,,PASS
https://nrlc.ai/en-gb/services/entity-optimization-ai/london/,en-gb,en-gb,Yes,N/A,Yes,Yes,,PASS
https://nrlc.ai/en-us/services/accuracy-optimization-ai/hull/,en-us,en-gb,No,Yes,Yes,No,,PASS
https://nrlc.ai/en-us/services/claude-optimization/hasuda/,en-us,en-us,Yes,N/A,Yes,Yes,,PASS
https://nrlc.ai/en-us/services/conversion-optimization-ai/barrie/,en-us,en-us,Yes,N/A,Yes,Yes,,PASS
https://nrlc.ai/en-us/services/ai-search-optimization/fresno/,en-us,en-us,Yes,N/A,Yes,Yes,,PASS
https://nrlc.ai/services/generative-seo/montreal/,none,en-us,No,N/A,Yes,No,,PASS
https://nrlc.ai/en-us/services/conversion-optimization-ai/albuquerque/,en-us,en-us,Yes,N/A,Yes,Yes,,PASS
https://nrlc.ai/es-es/services/conversion-optimization-ai/portland/,es-es,en-us,No,Yes,Yes,No,,PASS
http://nrlc.ai/en-us/services/conversational-seo-ai/colorado-springs/,en-us,en-us,Yes,N/A,Yes,No,,PASS
https://nrlc.ai/en-gb/services/semantic-seo-ai/phoenix/,en-gb,en-us,No,Yes,Yes,No,,PASS
https://nrlc.ai/en-us/services/chatgpt-optimization/manchester/,en-us,en-gb,No,Yes,Yes,No,,PASS
https://nrlc.ai/de-de/services/conversion-optimization-ai/oklahoma-city/,de-de,en-us,No,Yes,Yes,No,,PASS
https://nrlc.ai/es-es/services/ecommerce-ai-seo/montreal/,es-es,en-us,No,Yes,Yes,No,,PASS
https://nrlc.ai/en-us/services/generative-seo/san-antonio/,en-us,en-us,Yes,N/A,Yes,Yes,,PASS
https://nrlc.ai/en-us/services/technical-seo/portland/,en-us,en-us,Yes,N/A,Yes,Yes,,PASS
https://nrlc.ai/en-us/services/personalization-ai/detroit/,en-us,en-us,Yes,N/A,Yes,Yes,,PASS
https://nrlc.ai/es-es/services/content-optimization-ai/phoenix/,es-es,en-us,No,Yes,Yes,No,,PASS
https://nrlc.ai/en-us/services/ranking-optimization-ai/raleigh/,en-us,en-us,Yes,N/A,Yes,Yes,,PASS
https://nrlc.ai/fr-fr/services/local-seo-ai/southend-on-sea/,fr-fr,en-gb,No,Yes,Yes,No,,PASS
https://nrlc.ai/services/ai-search-optimization/dallas/,none,en-us,No,N/A,Yes,No,,PASS
https://nrlc.ai/en-us/services/content-optimization-ai/montreal/,en-us,en-us,Yes,N/A,Yes,Yes,,PASS
https://nrlc.ai/en-us/services/semantic-seo-ai/omaha/,en-us,en-us,Yes,N/A,Yes,Yes,,PASS
https://nrlc.ai/en-us/services/competitor-analysis-ai/blackpool/,en-us,en-gb,No,Yes,Yes,No,,PASS
https://nrlc.ai/en-gb/services/semantic-seo-ai/detroit/,en-gb,en-us,No,Yes,Yes,No,,PASS
https://nrlc.ai/en-us/services/llm-optimization/san-diego/,en-us,en-us,Yes,N/A,Yes,Yes,,PASS
https://nrlc.ai/en-us/services/conversational-seo-ai/kansas-city/,en-us,en-us,Yes,N/A,Yes,Yes,,PASS
https://nrlc.ai/en-us/services/technical-seo/detroit/,en-us,en-us,Yes,N/A,Yes,Yes,,PASS
https://nrlc.ai/ko-kr/services/llm-seeding/nottingham/,ko-kr,en-gb,No,Yes,Yes,No,,PASS
https://nrlc.ai/services/training/houston/,none,en-us,No,N/A,Yes,No,,PASS
https://nrlc.ai/fr-fr/services/b2b-seo-ai/stoke-on-trent/,fr-fr,en-gb,No,Yes,Yes,No,,PASS
https://nrlc.ai/es-es/services/conversion-optimization-ai/los-angeles/,es-es,en-us,No,Yes,Yes,No,,PASS
https://nrlc.ai/es-es/services/mobile-seo-ai/southend-on-sea/,es-es,en-gb,No,Yes,Yes,No,,PASS
https://nrlc.ai/services/voice-search-optimization/stockport/,none,en-gb,No,N/A,Yes,No,,PASS
https://nrlc.ai/en-us/services/intent-optimization-ai/charlotte/,en-us,en-us,Yes,N/A,Yes,Yes,,PASS
http://nrlc.ai/services/ranking-optimization-ai/nashville/,none,en-us,No,N/A,Yes,No,,PASS
https://nrlc.ai/en-us/services/conversational-seo-ai/omaha/,en-us,en-us,Yes,N/A,Yes,Yes,,PASS
https://nrlc.ai/en-us/services/local-seo-ai/northampton/,en-us,en-gb,No,Yes,Yes,No,,PASS
https://nrlc.ai/en-us/services/bard-optimization/ottawa/,en-us,en-us,Yes,N/A,Yes,Yes,,PASS
https://nrlc.ai/ko-kr/services/claude-optimization/cardiff/,ko-kr,en-gb,No,Yes,Yes,No,,PASS
https://nrlc.ai/en-us/services/ecommerce-ai-seo/raleigh/,en-us,en-us,Yes,N/A,Yes,Yes,,PASS
https://nrlc.ai/ko-kr/services/site-audits/nottingham/,ko-kr,en-gb,No,Yes,Yes,No,,PASS
https://nrlc.ai/en-us/services/analytics/oldham/,en-us,en-gb,No,Yes,Yes,No,,PASS
https://nrlc.ai/en-us/services/content-optimization-ai/oldham/,en-us,en-gb,No,Yes,Yes,No,,PASS
https://nrlc.ai/en-us/services/local-seo-ai/huddersfield/,en-us,en-gb,No,Yes,Yes,No,,PASS
https://nrlc.ai/fr-fr/services/perplexity-optimization/burnley/,fr-fr,en-gb,No,Yes,Yes,No,,PASS
https://nrlc.ai/en-gb/services/multimodal-seo-ai/middlesbrough/,en-gb,en-gb,Yes,N/A,Yes,Yes,,PASS
https://nrlc.ai/ko-kr/services/knowledge-graph-ai/huddersfield/,ko-kr,en-gb,No,Yes,Yes,No,,PASS
https://nrlc.ai/ko-kr/services/recommendation-ai/huddersfield/,ko-kr,en-gb,No,Yes,Yes,No,,PASS
https://nrlc.ai/ko-kr/services/technical-seo/guelph/,ko-kr,en-us,No,Yes,Yes,No,,PASS
https://nrlc.ai/en-us/services/site-audits/huddersfield/,en-us,en-gb,No,Yes,Yes,No,,PASS
https://nrlc.ai/fr-fr/services/technical-seo/singapore/,fr-fr,en-us,No,Yes,Yes,No,,PASS
https://nrlc.ai/en-us/services/freshness-optimization-ai/edinburgh/,en-us,en-gb,No,Yes,Yes,No,,PASS
https://nrlc.ai/de-de/services/explainability-optimization-ai/oldham/,de-de,en-gb,No,Yes,Yes,No,,PASS
https://nrlc.ai/en-us/services/technical-audit-ai/newcastle/,en-us,en-gb,No,Yes,Yes,No,,PASS
https://nrlc.ai/fr-fr/services/entity-optimization-ai/stoke-on-trent/,fr-fr,en-gb,No,Yes,Yes,No,,PASS
https://nrlc.ai/en-us/services/semantic-seo-ai/oldham/,en-us,en-gb,No,Yes,Yes,No,,PASS
https://nrlc.ai/en-gb/services/relevance-optimization-ai/colorado-springs/,en-gb,en-us,No,Yes,Yes,No,,PASS
https://nrlc.ai/es-es/services/claude-optimization/edmonton/,es-es,en-us,No,Yes,Yes,No,,PASS
https://nrlc.ai/es-es/services/metadata-optimization-ai/wako/,es-es,en-us,No,Yes,Yes,No,,PASS
https://nrlc.ai/services/knowledge-graph/london/,none,en-gb,No,N/A,Yes,No,,PASS
https://nrlc.ai/ko-kr/services/competitor-analysis-ai/goyang/,ko-kr,en-us,No,Yes,Yes,No,,PASS
https://nrlc.ai/en-us/services/perplexity-optimization/milwaukee/,en-us,en-us,Yes,N/A,Yes,Yes,,PASS
https://nrlc.ai/en-us/services/technical-seo/nara/,en-us,en-us,Yes,N/A,Yes,Yes,,PASS
https://nrlc.ai/en-us/services/ranking-optimization-ai/san-diego/,en-us,en-us,Yes,N/A,Yes,Yes,,PASS
https://nrlc.ai/en-gb/services/link-building-ai/nottingham/,en-gb,en-gb,Yes,N/A,Yes,Yes,,PASS
https://nrlc.ai/es-es/services/training/los-angeles/,es-es,en-us,No,Yes,Yes,No,,PASS
https://nrlc.ai/en-us/services/claude-optimization/saguenay/,en-us,en-us,Yes,N/A,Yes,Yes,,PASS
https://nrlc.ai/en-gb/services/conversion-optimization-ai/calgary/,en-gb,en-us,No,Yes,Yes,No,,PASS
https://nrlc.ai/es-es/services/ai-overviews-optimization/oklahoma-city/,es-es,en-us,No,Yes,Yes,No,,PASS
https://nrlc.ai/en-us/services/conversion-optimization-ai/montreal/,en-us,en-us,Yes,N/A,Yes,Yes,,PASS
https://nrlc.ai/en-us/services/voice-search-optimization/san-antonio/,en-us,en-us,Yes,N/A,Yes,Yes,,PASS
https://nrlc.ai/en-us/services/training/albuquerque/,en-us,en-us,Yes,N/A,Yes,Yes,,PASS
https://nrlc.ai/en-us/services/ai-search-optimization/hull/,en-us,en-gb,No,Yes,Yes,No,,PASS
http://nrlc.ai/services/conversion-optimization-ai/belfast/,none,en-gb,No,N/A,Yes,No,,PASS
http://nrlc.ai/services/semantic-seo-ai/columbus/,none,en-us,No,N/A,Yes,No,,PASS
https://nrlc.ai/en-us/services/claude-optimization/kansas-city/,en-us,en-us,Yes,N/A,Yes,Yes,,PASS
https://nrlc.ai/en-us/services/local-seo-ai/stockport/,en-us,en-gb,No,Yes,Yes,No,,PASS
https://nrlc.ai/en-us/services/accuracy-optimization-ai/kansas-city/,en-us,en-us,Yes,N/A,Yes,Yes,,PASS
https://nrlc.ai/en-us/services/b2b-seo-ai/omaha/,en-us,en-us,Yes,N/A,Yes,Yes,,PASS
https://nrlc.ai/en-us/services/semantic-seo-ai/southport/,en-us,en-gb,No,Yes,Yes,No,,PASS
https://nrlc.ai/fr-fr/services/training/montreal/,fr-fr,en-us,No,Yes,Yes,No,,PASS
https://nrlc.ai/de-de/services/local-seo-ai/oshawa/,de-de,en-us,No,Yes,Yes,No,,PASS
https://nrlc.ai/en-us/services/local-seo-ai/raleigh/,en-us,en-us,Yes,N/A,Yes,Yes,,PASS
https://nrlc.ai/en-us/services/llm-content-strategy/newcastle/,en-us,en-gb,No,Yes,Yes,No,,PASS
https://nrlc.ai/en-gb/services/ecommerce-ai-seo/stoke-on-trent/,en-gb,en-gb,Yes,N/A,Yes,Yes,,PASS
https://nrlc.ai/en-us/services/mobile-seo-ai/atlanta/,en-us,en-us,Yes,N/A,Yes,Yes,,PASS
https://nrlc.ai/en-us/services/technical-audit-ai/chicago/,en-us,en-us,Yes,N/A,Yes,Yes,,PASS
https://nrlc.ai/en-gb/services/site-audits/ottawa/,en-gb,en-us,No,Yes,Yes,No,,PASS
https://nrlc.ai/en-us/services/semantic-seo-ai/dallas/,en-us,en-us,Yes,N/A,Yes,Yes,,PASS
https://nrlc.ai/fr-fr/services/b2b-seo-ai/stockport/,fr-fr,en-gb,No,Yes,Yes,No,,PASS
https://nrlc.ai/ko-kr/services/ai-search-optimization/stoke-on-trent/,ko-kr,en-gb,No,Yes,Yes,No,,PASS
https://nrlc.ai/en-gb/services/multimodal-seo-ai/belfast/,en-gb,en-gb,Yes,N/A,Yes,Yes,,PASS
https://nrlc.ai/en-us/services/freshness-optimization-ai/abbotsford/,en-us,en-us,Yes,N/A,Yes,Yes,,PASS
https://nrlc.ai/en-us/services/trust-optimization-ai/blackpool/,en-us,en-gb,No,Yes,Yes,No,,PASS
https://nrlc.ai/fr-fr/services/site-audits/glasgow/,fr-fr,en-gb,No,Yes,Yes,No,,PASS
https://nrlc.ai/ko-kr/services/technical-seo/huddersfield/,ko-kr,en-gb,No,Yes,Yes,No,,PASS
https://nrlc.ai/de-de/services/site-audits/hull/,de-de,en-gb,No,Yes,Yes,No,,PASS
https://nrlc.ai/services/local-seo-ai/stoke-on-trent/,none,en-gb,No,N/A,Yes,No,,PASS
https://nrlc.ai/es-es/services/perplexity-optimization/sacramento/,es-es,en-us,No,Yes,Yes,No,,PASS
https://nrlc.ai/en-us/services/claude-optimization/abbotsford/,en-us,en-us,Yes,N/A,Yes,Yes,,PASS
https://nrlc.ai/en-us/services/copilot-optimization/southend-on-sea/,en-us,en-gb,No,Yes,Yes,No,,PASS
https://nrlc.ai/ko-kr/services/ecommerce-ai-seo/belfast/,ko-kr,en-gb,No,Yes,Yes,No,,PASS
https://nrlc.ai/en-us/services/topic-modeling-ai/sherbrooke/,en-us,en-us,Yes,N/A,Yes,Yes,,PASS
https://nrlc.ai/en-us/services/relevance-optimization-ai/stockport/,en-us,en-gb,No,Yes,Yes,No,,PASS
https://nrlc.ai/es-es/services/topic-modeling-ai/southport/,es-es,en-gb,No,Yes,Yes,No,,PASS
https://nrlc.ai/en-us/services/copilot-optimization/abbotsford/,en-us,en-us,Yes,N/A,Yes,Yes,,PASS
https://nrlc.ai/en-us/services/multimodal-seo-ai/philadelphia/,en-us,en-us,Yes,N/A,Yes,Yes,,PASS
https://nrlc.ai/services/featured-snippets-ai/stockport/,none,en-gb,No,N/A,Yes,No,,PASS
https://nrlc.ai/en-us/services/training/austin/,en-us,en-us,Yes,N/A,Yes,Yes,,PASS
https://nrlc.ai/fr-fr/services/explainability-optimization-ai/windsor/,fr-fr,en-us,No,Yes,Yes,No,,PASS
https://nrlc.ai/services/generative-seo/oshawa/,none,en-us,No,N/A,Yes,No,,PASS
http://nrlc.ai/de-de/services/technical-audit-ai/nottingham/,de-de,en-gb,No,Yes,Yes,No,"Redirect does not go to canonical",FAIL
https://nrlc.ai/ko-kr/services/analytics/jacksonville/,ko-kr,en-us,No,Yes,Yes,No,,PASS
https://nrlc.ai/fr-fr/services/site-audits/cambridge/,fr-fr,en-gb,No,Yes,Yes,No,,PASS
https://nrlc.ai/fr-fr/services/generative-seo/oldham/,fr-fr,en-gb,No,Yes,Yes,No,,PASS
https://nrlc.ai/de-de/services/local-seo-ai/stockport/,de-de,en-gb,No,Yes,Yes,No,,PASS
https://nrlc.ai/fr-fr/services/mobile-seo-ai/calgary/,fr-fr,en-us,No,Yes,Yes,No,,PASS
https://nrlc.ai/fr-fr/services/ai-search-optimization/singapore/,fr-fr,en-us,No,Yes,Yes,No,,PASS
https://nrlc.ai/services/relevance-optimization-ai/huddersfield/,none,en-gb,No,N/A,Yes,No,,PASS
https://nrlc.ai/en-us/services/explainability-optimization-ai/jacksonville/,en-us,en-us,Yes,N/A,Yes,Yes,,PASS
https://nrlc.ai/es-es/services/ai-overviews-optimization/huddersfield/,es-es,en-gb,No,Yes,Yes,No,,PASS
https://nrlc.ai/en-us/services/chatgpt-optimization/abbotsford/,en-us,en-us,Yes,N/A,Yes,Yes,,PASS
https://nrlc.ai/en-us/services/technical-seo/blackpool/,en-us,en-gb,No,Yes,Yes,No,,PASS
https://nrlc.ai/services/voice-search-optimization/abbotsford/,none,en-us,No,N/A,Yes,No,,PASS
https://nrlc.ai/fr-fr/services/contextual-seo-ai/derby/,fr-fr,en-gb,No,Yes,Yes,No,,PASS
https://nrlc.ai/en-us/services/contextual-seo-ai/huddersfield/,en-us,en-gb,No,Yes,Yes,No,,PASS
https://nrlc.ai/en-us/services/accuracy-optimization-ai/windsor/,en-us,en-us,Yes,N/A,Yes,Yes,,PASS
https://nrlc.ai/en-us/services/international-seo/manchester/,en-us,en-gb,No,Yes,Yes,No,,PASS
https://nrlc.ai/ko-kr/services/technical-seo/windsor/,ko-kr,en-us,No,Yes,Yes,No,,PASS
https://nrlc.ai/ko-kr/services/claude-optimization/belfast/,ko-kr,en-gb,No,Yes,Yes,No,,PASS
https://nrlc.ai/de-de/services/multimodal-seo-ai/oshawa/,de-de,en-us,No,Yes,Yes,No,,PASS
https://nrlc.ai/fr-fr/services/technical-audit-ai/houston/,fr-fr,en-us,No,Yes,Yes,No,,PASS
https://nrlc.ai/ko-kr/services/conversion-optimization-ai/norwich/,ko-kr,en-gb,No,Yes,Yes,No,,PASS
https://nrlc.ai/en-us/services/local-seo-ai/anyang/,en-us,en-us,Yes,N/A,Yes,Yes,,PASS
https://nrlc.ai/services/chatgpt-optimization/honjo/,none,en-us,No,N/A,Yes,No,,PASS
https://nrlc.ai/en-us/services/multimodal-seo-ai/jeju/,en-us,en-us,Yes,N/A,Yes,Yes,,PASS
https://nrlc.ai/en-us/services/ai-citation-optimization/baltimore/,en-us,en-us,Yes,N/A,Yes,Yes,,PASS
https://nrlc.ai/fr-fr/services/llm-content-strategy/london/,fr-fr,en-gb,No,Yes,Yes,No,,PASS
https://nrlc.ai/services/analytics/goyang/,none,en-us,No,N/A,Yes,No,,PASS
https://nrlc.ai/services/training/seoul/,none,en-us,No,N/A,Yes,No,,PASS
https://nrlc.ai/es-es/services/voice-search-optimization/omaha/,es-es,en-us,No,Yes,Yes,No,,PASS
https://nrlc.ai/ko-kr/services/json-ld-strategy/yokohama/,ko-kr,en-us,No,Yes,Yes,No,,PASS
https://nrlc.ai/en-us/services/agentic-seo/ageo/,en-us,en-us,Yes,N/A,Yes,Yes,,PASS
https://nrlc.ai/en-us/services/ai-search-optimization/tokyo/,en-us,en-us,Yes,N/A,Yes,Yes,,PASS
https://nrlc.ai/ko-kr/services/ai-search-optimization/seoul/,ko-kr,en-us,No,Yes,Yes,No,,PASS
https://nrlc.ai/en-us/services/ai-search-optimization/oklahoma-city/,en-us,en-us,Yes,N/A,Yes,Yes,,PASS
https://nrlc.ai/en-us/services/analytics/souka/,en-us,en-us,Yes,N/A,Yes,Yes,,PASS
https://nrlc.ai/en-us/services/intent-optimization-ai/milwaukee/,en-us,en-us,Yes,N/A,Yes,Yes,,PASS
https://nrlc.ai/en-gb/services/technical-audit-ai/sejong/,en-gb,en-us,No,Yes,Yes,No,,PASS
https://nrlc.ai/en-us/services/featured-snippets-ai/kazo/,en-us,en-us,Yes,N/A,Yes,Yes,,PASS
https://nrlc.ai/es-es/services/contextual-seo-ai/wako/,es-es,en-us,No,Yes,Yes,No,,PASS
https://nrlc.ai/es-es/services/training/minneapolis/,es-es,en-us,No,Yes,Yes,No,,PASS
https://nrlc.ai/en-gb/services/competitor-analysis-ai/new-york/,en-gb,en-gb,Yes,N/A,Yes,Yes,,PASS
https://nrlc.ai/en-us/services/intent-optimization-ai/kazo/,en-us,en-us,Yes,N/A,Yes,Yes,,PASS
https://nrlc.ai/en-us/services/analytics/wako/,en-us,en-us,Yes,N/A,Yes,Yes,,PASS
https://nrlc.ai/en-us/services/completeness-optimization-ai/kazo/,en-us,en-us,Yes,N/A,Yes,Yes,,PASS
https://nrlc.ai/en-gb/services/ai-citation-optimization/dallas/,en-gb,en-us,No,Yes,Yes,No,,PASS
https://nrlc.ai/en-us/services/claude-optimization/birmingham/,en-us,en-gb,No,Yes,Yes,No,,PASS
https://nrlc.ai/en-us/services/link-building-ai/sudbury/,en-us,en-gb,No,Yes,Yes,No,,PASS
https://nrlc.ai/en-us/services/b2b-seo-ai/ageo/,en-us,en-us,Yes,N/A,Yes,Yes,,PASS
https://nrlc.ai/en-us/services/b2b-seo-ai/san-francisco/,en-us,en-us,Yes,N/A,Yes,Yes,,PASS
https://nrlc.ai/services/chatgpt-optimization/kuki/,none,en-us,No,N/A,Yes,No,,PASS
https://nrlc.ai/en-gb/services/link-building-ai/stockport/,en-gb,en-gb,Yes,N/A,Yes,Yes,,PASS
https://nrlc.ai/ko-kr/services/link-building-ai/wolverhampton/,ko-kr,en-gb,No,Yes,Yes,No,,PASS
https://nrlc.ai/en-us/services/ai-search-optimization/blackpool/,en-us,en-gb,No,Yes,Yes,No,,PASS
https://nrlc.ai/en-gb/services/ai-overviews-optimization/bristol/,en-gb,en-gb,Yes,N/A,Yes,Yes,,PASS
https://nrlc.ai/fr-fr/services/ai-overviews-optimization/barrie/,fr-fr,en-us,No,Yes,Yes,No,,PASS
https://nrlc.ai/en-us/services/link-building-ai/huddersfield/,en-us,en-gb,No,Yes,Yes,No,,PASS
https://nrlc.ai/en-us/services/b2b-seo-ai/las-vegas/,en-us,en-us,Yes,N/A,Yes,Yes,,PASS
https://nrlc.ai/en-us/services/ai-search-optimization/san-jose/,en-us,en-us,Yes,N/A,Yes,Yes,,PASS
https://nrlc.ai/en-us/services/technical-audit-ai/halifax/,en-us,en-gb,No,Yes,Yes,No,,PASS
http://nrlc.ai/en-us/services/generative-seo/montreal/,en-us,en-us,Yes,N/A,Yes,No,,PASS
https://nrlc.ai/services/analytics/london/,none,en-gb,No,N/A,Yes,No,,PASS
https://nrlc.ai/en-gb/services/multimodal-seo-ai/portland/,en-gb,en-us,No,Yes,Yes,No,,PASS
https://nrlc.ai/en-us/services/ai-citation-optimization/portland/,en-us,en-us,Yes,N/A,Yes,Yes,,PASS
https://nrlc.ai/de-de/services/training/newcastle/,de-de,en-gb,No,Yes,Yes,No,,PASS
https://nrlc.ai/en-us/services/training/raleigh/,en-us,en-us,Yes,N/A,Yes,Yes,,PASS
https://nrlc.ai/en-us/services/link-building-ai/norwich/,en-us,en-gb,No,Yes,Yes,No,,PASS
https://nrlc.ai/services/generative-seo/san-antonio/,none,en-us,No,N/A,Yes,No,,PASS
https://nrlc.ai/fr-fr/services/copilot-optimization/guelph/,fr-fr,en-us,No,Yes,Yes,No,,PASS
https://nrlc.ai/en-gb/services/mobile-seo-ai/coventry/,en-gb,en-gb,Yes,N/A,Yes,Yes,,PASS
https://nrlc.ai/es-es/services/technical-seo/baltimore/,es-es,en-us,No,Yes,Yes,No,,PASS
https://nrlc.ai/en-us/services/b2b-seo-ai/boston/,en-us,en-us,Yes,N/A,Yes,Yes,,PASS
https://nrlc.ai/services/intent-optimization-ai/oldham/,none,en-gb,No,N/A,Yes,No,,PASS
https://nrlc.ai/en-gb/services/conversion-optimization-ai/belfast/,en-gb,en-gb,Yes,N/A,Yes,Yes,,PASS
https://nrlc.ai/en-us/services/mobile-seo-ai/montreal/,en-us,en-us,Yes,N/A,Yes,Yes,,PASS
https://nrlc.ai/services/authority-optimization-ai/jacksonville/,none,en-us,No,N/A,Yes,No,,PASS
https://nrlc.ai/en-gb/services/ecommerce-ai-seo/sheffield/,en-gb,en-gb,Yes,N/A,Yes,Yes,,PASS
https://nrlc.ai/en-gb/services/technical-seo/denver/,en-gb,en-us,No,Yes,Yes,No,,PASS
https://nrlc.ai/en-us/services/local-seo-ai/houston/,en-us,en-us,Yes,N/A,Yes,Yes,,PASS
https://nrlc.ai/en-us/services/international-seo/derby/,en-us,en-gb,No,Yes,Yes,No,,PASS
https://nrlc.ai/ko-kr/services/copilot-optimization/chicago/,ko-kr,en-us,No,Yes,Yes,No,,PASS
https://nrlc.ai/services/conversion-optimization-ai/sacramento/,none,en-us,No,N/A,Yes,No,,PASS
https://nrlc.ai/en-gb/services/contextual-seo-ai/manchester/,en-gb,en-gb,Yes,N/A,Yes,Yes,,PASS
https://nrlc.ai/services/personalization-ai/charlotte/,none,en-us,No,N/A,Yes,No,,PASS
https://nrlc.ai/en-us/services/ai-search-optimization/jacksonville/,en-us,en-us,Yes,N/A,Yes,Yes,,PASS
https://nrlc.ai/ko-kr/services/perplexity-optimization/anyang/,ko-kr,en-us,No,Yes,Yes,No,,PASS
https://nrlc.ai/en-us/services/ai-search-optimization/los-angeles/,en-us,en-us,Yes,N/A,Yes,Yes,,PASS
https://nrlc.ai/en-us/services/ai-search-optimization/huddersfield/,en-us,en-gb,No,Yes,Yes,No,,PASS
https://nrlc.ai/ko-kr/services/perplexity-optimization/nashville/,ko-kr,en-us,No,Yes,Yes,No,,PASS
https://nrlc.ai/ko-kr/services/training/colorado-springs/,ko-kr,en-us,No,Yes,Yes,No,,PASS
https://nrlc.ai/services/ai-overviews-optimization/glasgow/,none,en-gb,No,N/A,Yes,No,,PASS
https://nrlc.ai/en-us/services/semantic-seo-ai/atlanta/,en-us,en-us,Yes,N/A,Yes,Yes,,PASS
https://nrlc.ai/de-de/services/analytics/southend-on-sea/,de-de,en-gb,No,Yes,Yes,No,,PASS
https://nrlc.ai/fr-fr/services/site-audits/jacksonville/,fr-fr,en-us,No,Yes,Yes,No,,PASS
https://nrlc.ai/fr-fr/services/technical-seo/glasgow/,fr-fr,en-gb,No,Yes,Yes,No,,PASS
https://nrlc.ai/fr-fr/services/generative-seo/windsor/,fr-fr,en-us,No,Yes,Yes,No,,PASS
https://nrlc.ai/services/trust-optimization-ai/oldham/,none,en-gb,No,N/A,Yes,No,,PASS
https://nrlc.ai/en-gb/services/transparency-optimization-ai/stockport/,en-gb,en-gb,Yes,N/A,Yes,Yes,,PASS
https://nrlc.ai/en-us/services/agentic-seo/atlanta/,en-us,en-us,Yes,N/A,Yes,Yes,,PASS
https://nrlc.ai/en-us/services/conversational-seo-ai/belfast/,en-us,en-gb,No,Yes,Yes,No,,PASS
https://nrlc.ai/en-us/services/technical-audit-ai/cambridge/,en-us,en-gb,No,Yes,Yes,No,,PASS
https://nrlc.ai/ko-kr/services/technical-seo/ottawa/,ko-kr,en-us,No,Yes,Yes,No,,PASS
https://nrlc.ai/services/perplexity-optimization/oldham/,none,en-gb,No,N/A,Yes,No,,PASS
https://nrlc.ai/en-us/services/technical-seo/minneapolis/,en-us,en-us,Yes,N/A,Yes,Yes,,PASS
https://nrlc.ai/en-gb/services/local-seo-ai/nottingham/,en-gb,en-gb,Yes,N/A,Yes,Yes,,PASS
https://nrlc.ai/en-gb/services/perplexity-optimization/oakland/,en-gb,en-us,No,Yes,Yes,No,,PASS
https://nrlc.ai/en-us/services/b2b-seo-ai/sudbury/,en-us,en-gb,No,Yes,Yes,No,,PASS
https://nrlc.ai/en-us/services/technical-seo/cardiff/,en-us,en-gb,No,Yes,Yes,No,,PASS
https://nrlc.ai/es-es/services/analytics/bristol/,es-es,en-gb,No,Yes,Yes,No,,PASS
https://nrlc.ai/en-gb/services/semantic-seo-ai/oldham/,en-gb,en-gb,Yes,N/A,Yes,Yes,,PASS
https://nrlc.ai/en-us/services/ranking-optimization-ai/nashville/,en-us,en-us,Yes,N/A,Yes,Yes,,PASS
https://nrlc.ai/en-us/services/relevance-optimization-ai/southend-on-sea/,en-us,en-gb,No,Yes,Yes,No,,PASS
https://nrlc.ai/de-de/services/llm-optimization/san-antonio/,de-de,en-us,No,Yes,Yes,No,,PASS
https://nrlc.ai/de-de/services/ranking-optimization-ai/el-paso/,de-de,en-us,No,Yes,Yes,No,,PASS
https://nrlc.ai/en-gb/services/knowledge-graph-ai/northampton/,en-gb,en-gb,Yes,N/A,Yes,Yes,,PASS
https://nrlc.ai/ko-kr/services/entity-optimization-ai/indianapolis/,ko-kr,en-us,No,Yes,Yes,No,,PASS
https://nrlc.ai/es-es/services/conversion-optimization-ai/virginia-beach/,es-es,en-us,No,Yes,Yes,No,,PASS
https://nrlc.ai/fr-fr/services/freshness-optimization-ai/oldham/,fr-fr,en-gb,No,Yes,Yes,No,,PASS
https://nrlc.ai/services/recommendation-ai/middlesbrough/,none,en-gb,No,N/A,Yes,No,,PASS
https://nrlc.ai/en-gb/services/ai-search-optimization/stockport/,en-gb,en-gb,Yes,N/A,Yes,Yes,,PASS
https://nrlc.ai/en-gb/services/training/leeds/,en-gb,en-gb,Yes,N/A,Yes,Yes,,PASS
https://nrlc.ai/en-us/services/intent-optimization-ai/belfast/,en-us,en-gb,No,Yes,Yes,No,,PASS
https://nrlc.ai/es-es/services/accuracy-optimization-ai/indianapolis/,es-es,en-us,No,Yes,Yes,No,,PASS
https://nrlc.ai/en-us/services/verification-optimization-ai/kansas-city/,en-us,en-us,Yes,N/A,Yes,Yes,,PASS
https://nrlc.ai/de-de/services/ai-overviews-optimization/indianapolis/,de-de,en-us,No,Yes,Yes,No,,PASS
https://nrlc.ai/de-de/services/llm-content-strategy/new-york/,de-de,en-gb,No,Yes,Yes,No,,PASS
https://nrlc.ai/en-gb/services/competitor-analysis-ai/leicester/,en-gb,en-gb,Yes,N/A,Yes,Yes,,PASS
https://nrlc.ai/en-us/services/local-seo-ai/southport/,en-us,en-gb,No,Yes,Yes,No,,PASS
https://nrlc.ai/fr-fr/services/claude-optimization/abbotsford/,fr-fr,en-us,No,Yes,Yes,No,,PASS
https://nrlc.ai/services/ai-search-optimization/barrie/,none,en-us,No,N/A,Yes,No,,PASS
https://nrlc.ai/services/site-audits/sheffield/,none,en-gb,No,N/A,Yes,No,,PASS
https://nrlc.ai/services/technical-seo/phoenix/,none,en-us,No,N/A,Yes,No,,PASS
https://nrlc.ai/fr-fr/services/site-audits/stockport/,fr-fr,en-gb,No,Yes,Yes,No,,PASS
https://nrlc.ai/en-us/services/international-seo/jacksonville/,en-us,en-us,Yes,N/A,Yes,Yes,,PASS
https://nrlc.ai/fr-fr/services/llm-content-strategy/oldham/,fr-fr,en-gb,No,Yes,Yes,No,,PASS
https://nrlc.ai/services/site-audits/nashville/,none,en-us,No,N/A,Yes,No,,PASS
https://nrlc.ai/en-us/services/llm-content-strategy/milwaukee/,en-us,en-us,Yes,N/A,Yes,Yes,,PASS
https://nrlc.ai/en-us/services/ai-search-optimization/newcastle/,en-us,en-gb,No,Yes,Yes,No,,PASS
https://nrlc.ai/en-gb/services/content-optimization-ai/southport/,en-gb,en-gb,Yes,N/A,Yes,Yes,,PASS
https://nrlc.ai/en-us/services/ecommerce-ai-seo/oldham/,en-us,en-gb,No,Yes,Yes,No,,PASS
https://nrlc.ai/fr-fr/services/technical-seo/kingston/,fr-fr,en-us,No,Yes,Yes,No,,PASS
https://nrlc.ai/en-us/services/b2b-seo-ai/jacksonville/,en-us,en-us,Yes,N/A,Yes,Yes,,PASS
https://nrlc.ai/fr-fr/services/relevance-optimization-ai/middlesbrough/,fr-fr,en-gb,No,Yes,Yes,No,,PASS
https://nrlc.ai/en-us/services/conversational-seo-ai/windsor/,en-us,en-us,Yes,N/A,Yes,Yes,,PASS
https://nrlc.ai/ko-kr/services/explainability-optimization-ai/southend-on-sea/,ko-kr,en-gb,No,Yes,Yes,No,,PASS
https://nrlc.ai/de-de/services/copilot-optimization/burnley/,de-de,en-gb,No,Yes,Yes,No,,PASS
https://nrlc.ai/de-de/services/site-audits/belfast/,de-de,en-gb,No,Yes,Yes,No,,PASS
https://nrlc.ai/ko-kr/services/featured-snippets-ai/abbotsford/,ko-kr,en-us,No,Yes,Yes,No,,PASS
https://nrlc.ai/en-us/services/claude-optimization/anyang/,en-us,en-us,Yes,N/A,Yes,Yes,,PASS
https://nrlc.ai/en-us/services/generative-seo/plymouth/,en-us,en-gb,No,Yes,Yes,No,,PASS
https://nrlc.ai/en-us/services/ai-overviews-optimization/cambridge/,en-us,en-gb,No,Yes,Yes,No,,PASS
https://nrlc.ai/en-us/services/analytics/los-angeles/,en-us,en-us,Yes,N/A,Yes,Yes,,PASS
https://nrlc.ai/en-us/services/voice-search-optimization/anyang/,en-us,en-us,Yes,N/A,Yes,Yes,,PASS
https://nrlc.ai/fr-fr/services/b2b-seo-ai/goyang/,fr-fr,en-us,No,Yes,Yes,No,,PASS
https://nrlc.ai/en-us/services/competitor-analysis-ai/cambridge/,en-us,en-gb,No,Yes,Yes,No,,PASS
https://nrlc.ai/en-us/services/ranking-optimization-ai/goyang/,en-us,en-us,Yes,N/A,Yes,Yes,,PASS
https://nrlc.ai/en-us/services/content-optimization-ai/wako/,en-us,en-us,Yes,N/A,Yes,Yes,,PASS
https://nrlc.ai/en-us/services/ai-overviews-optimization/wako/,en-us,en-us,Yes,N/A,Yes,Yes,,PASS
https://nrlc.ai/en-us/services/analytics/detroit/,en-us,en-us,Yes,N/A,Yes,Yes,,PASS
https://nrlc.ai/en-us/services/explainability-optimization-ai/minneapolis/,en-us,en-us,Yes,N/A,Yes,Yes,,PASS
https://nrlc.ai/services/content-optimization-ai/kazo/,none,en-us,No,N/A,Yes,No,,PASS
https://nrlc.ai/en-us/services/international-seo/albuquerque/,en-us,en-us,Yes,N/A,Yes,Yes,,PASS
https://nrlc.ai/en-us/services/analytics/hamilton/,en-us,en-us,Yes,N/A,Yes,Yes,,PASS
https://nrlc.ai/en-us/services/b2b-seo-ai/kelowna/,en-us,en-us,Yes,N/A,Yes,Yes,,PASS
https://nrlc.ai/en-us/services/json-ld-strategy/indianapolis/,en-us,en-us,Yes,N/A,Yes,Yes,,PASS
https://nrlc.ai/en-us/services/link-building-ai/mito/,en-us,en-us,Yes,N/A,Yes,Yes,,PASS
https://nrlc.ai/ko-kr/services/conversational-seo-ai/wako/,ko-kr,en-us,No,Yes,Yes,No,,PASS
https://nrlc.ai/de-de/services/ai-search-optimization/kazo/,de-de,en-us,No,Yes,Yes,No,,PASS
https://nrlc.ai/en-us/services/llm-content-strategy/busan/,en-us,en-us,Yes,N/A,Yes,Yes,,PASS
https://nrlc.ai/de-de/services/local-seo-ai/fukushima/,de-de,en-us,No,Yes,Yes,No,,PASS
https://nrlc.ai/services/entity-optimization-ai/wako/,none,en-us,No,N/A,Yes,No,,PASS
https://nrlc.ai/services/schema-markup-ai/colorado-springs/,none,en-us,No,N/A,Yes,No,,PASS
https://nrlc.ai/en-us/services/personalization-ai/kelowna/,en-us,en-us,Yes,N/A,Yes,Yes,,PASS
https://nrlc.ai/es-es/services/perplexity-optimization/washington/,es-es,en-us,No,Yes,Yes,No,,PASS
https://nrlc.ai/en-us/services/generative-seo/ageo/,en-us,en-us,Yes,N/A,Yes,Yes,,PASS
https://nrlc.ai/en-us/services/training/indianapolis/,en-us,en-us,Yes,N/A,Yes,Yes,,PASS
https://nrlc.ai/en-us/services/training/southend-on-sea/,en-us,en-gb,No,Yes,Yes,No,,PASS
https://nrlc.ai/en-us/services/entity-recognition-ai/kobe/,en-us,en-us,Yes,N/A,Yes,Yes,,PASS
https://nrlc.ai/en-us/services/llm-optimization/mesa/,en-us,en-us,Yes,N/A,Yes,Yes,,PASS
https://nrlc.ai/en-us/services/local-seo-ai/kobe/,en-us,en-us,Yes,N/A,Yes,Yes,,PASS
https://nrlc.ai/en-gb/services/competitor-analysis-ai/ottawa/,en-gb,en-us,No,Yes,Yes,No,,PASS
https://nrlc.ai/es-es/services/claude-optimization/louisville/,es-es,en-us,No,Yes,Yes,No,,PASS
https://nrlc.ai/en-us/services/analytics/kansas-city/,en-us,en-us,Yes,N/A,Yes,Yes,,PASS
https://nrlc.ai/en-us/services/ranking-optimization-ai/ageo/,en-us,en-us,Yes,N/A,Yes,Yes,,PASS
https://nrlc.ai/en-us/services/claude-optimization/cambridge/,en-us,en-gb,No,Yes,Yes,No,,PASS
https://nrlc.ai/en-us/services/ranking-optimization-ai/san-antonio/,en-us,en-us,Yes,N/A,Yes,Yes,,PASS
https://nrlc.ai/en-us/services/conversion-optimization-ai/southport/,en-us,en-gb,No,Yes,Yes,No,,PASS
https://nrlc.ai/services/conversion-optimization-ai/los-angeles/,none,en-us,No,N/A,Yes,No,,PASS
https://nrlc.ai/en-us/services/link-building-ai/honjo/,en-us,en-us,Yes,N/A,Yes,Yes,,PASS
https://nrlc.ai/en-us/services/ai-overviews-optimization/bristol/,en-us,en-gb,No,Yes,Yes,No,,PASS
https://nrlc.ai/es-es/services/voice-search-optimization/mito/,es-es,en-us,No,Yes,Yes,No,,PASS
https://nrlc.ai/en-us/services/semantic-seo-ai/phoenix/,en-us,en-us,Yes,N/A,Yes,Yes,,PASS
https://nrlc.ai/ko-kr/services/voice-search-optimization/manchester/,ko-kr,en-gb,No,Yes,Yes,No,,PASS
http://nrlc.ai/services/site-audits/raleigh/,none,en-us,No,N/A,Yes,No,,PASS
https://nrlc.ai/ko-kr/services/conversion-optimization-ai/louisville/,ko-kr,en-us,No,Yes,Yes,No,,PASS
https://nrlc.ai/en-us/services/ecommerce-ai-seo/montreal/,en-us,en-us,Yes,N/A,Yes,Yes,,PASS
https://nrlc.ai/fr-fr/services/technical-seo/stockport/,fr-fr,en-gb,No,Yes,Yes,No,,PASS
https://nrlc.ai/fr-fr/services/b2b-seo-ai/minneapolis/,fr-fr,en-us,No,Yes,Yes,No,,PASS
https://nrlc.ai/en-us/services/link-building-ai/abbotsford/,en-us,en-us,Yes,N/A,Yes,Yes,,PASS
https://nrlc.ai/en-us/services/relevance-optimization-ai/san-antonio/,en-us,en-us,Yes,N/A,Yes,Yes,,PASS
https://nrlc.ai/en-us/services/ai-citation-optimization/ottawa/,en-us,en-us,Yes,N/A,Yes,Yes,,PASS
https://nrlc.ai/fr-fr/services/analytics/toronto/,fr-fr,en-us,No,Yes,Yes,No,,PASS
https://nrlc.ai/de-de/services/conversion-optimization-ai/wolverhampton/,de-de,en-gb,No,Yes,Yes,No,,PASS
https://nrlc.ai/services/competitor-analysis-ai/stockport/,none,en-gb,No,N/A,Yes,No,,PASS
https://nrlc.ai/ko-kr/services/perplexity-optimization/barrie/,ko-kr,en-us,No,Yes,Yes,No,,PASS
https://nrlc.ai/en-us/services/conversion-optimization-ai/milwaukee/,en-us,en-us,Yes,N/A,Yes,Yes,,PASS
https://nrlc.ai/en-gb/services/mobile-seo-ai/calgary/,en-gb,en-us,No,Yes,Yes,No,,PASS
https://nrlc.ai/ko-kr/services/recommendation-ai/new-orleans/,ko-kr,en-us,No,Yes,Yes,No,,PASS
https://nrlc.ai/en-us/services/semantic-seo-ai/oklahoma-city/,en-us,en-us,Yes,N/A,Yes,Yes,,PASS
https://nrlc.ai/en-gb/services/competitor-analysis-ai/windsor/,en-gb,en-us,No,Yes,Yes,No,,PASS
https://nrlc.ai/es-es/services/semantic-seo-ai/phoenix/,es-es,en-us,No,Yes,Yes,No,,PASS
https://nrlc.ai/es-es/services/conversion-optimization-ai/omaha/,es-es,en-us,No,Yes,Yes,No,,PASS
https://nrlc.ai/en-us/services/ai-search-optimization/virginia-beach/,en-us,en-us,Yes,N/A,Yes,Yes,,PASS
https://nrlc.ai/en-us/services/trust-optimization-ai/memphis/,en-us,en-us,Yes,N/A,Yes,Yes,,PASS
https://nrlc.ai/en-us/services/competitor-analysis-ai/columbus/,en-us,en-us,Yes,N/A,Yes,Yes,,PASS
https://nrlc.ai/en-us/services/mobile-seo-ai/minneapolis/,en-us,en-us,Yes,N/A,Yes,Yes,,PASS
https://nrlc.ai/en-us/services/contextual-seo-ai/new-orleans/,en-us,en-us,Yes,N/A,Yes,Yes,,PASS
https://nrlc.ai/en-us/services/site-audits/nashville/,en-us,en-us,Yes,N/A,Yes,Yes,,PASS
https://nrlc.ai/es-es/services/voice-search-optimization/hull/,es-es,en-gb,No,Yes,Yes,No,,PASS
https://nrlc.ai/services/transparency-optimization-ai/bristol/,none,en-gb,No,N/A,Yes,No,,PASS
https://nrlc.ai/en-us/services/competitor-analysis-ai/jacksonville/,en-us,en-us,Yes,N/A,Yes,Yes,,PASS
https://nrlc.ai/en-us/services/perplexity-optimization/kingston/,en-us,en-us,Yes,N/A,Yes,Yes,,PASS
https://nrlc.ai/en-gb/services/accuracy-optimization-ai/stockport/,en-gb,en-gb,Yes,N/A,Yes,Yes,,PASS
https://nrlc.ai/en-us/services/conversion-optimization-ai/belfast/,en-us,en-gb,No,Yes,Yes,No,,PASS
https://nrlc.ai/en-us/services/training/montreal/,en-us,en-us,Yes,N/A,Yes,Yes,,PASS
https://nrlc.ai/en-us/services/conversion-optimization-ai/bristol/,en-us,en-gb,No,Yes,Yes,No,,PASS
https://nrlc.ai/en-us/services/site-audits/ottawa/,en-us,en-us,Yes,N/A,Yes,Yes,,PASS
https://nrlc.ai/en-us/services/verification-optimization-ai/oklahoma-city/,en-us,en-us,Yes,N/A,Yes,Yes,,PASS
https://nrlc.ai/en-us/services/perplexity-optimization/hamilton/,en-us,en-us,Yes,N/A,Yes,Yes,,PASS
https://nrlc.ai/ko-kr/services/conversion-optimization-ai/oakland/,ko-kr,en-us,No,Yes,Yes,No,,PASS
https://nrlc.ai/en-us/services/local-seo-ai/cardiff/,en-us,en-gb,No,Yes,Yes,No,,PASS
https://nrlc.ai/en-gb/services/multimodal-seo-ai/northampton/,en-gb,en-gb,Yes,N/A,Yes,Yes,,PASS
https://nrlc.ai/en-gb/services/conversion-optimization-ai/sheffield/,en-gb,en-gb,Yes,N/A,Yes,Yes,,PASS
https://nrlc.ai/en-us/services/chatgpt-optimization/stockport/,en-us,en-gb,No,Yes,Yes,No,,PASS
https://nrlc.ai/de-de/services/mobile-seo-ai/indianapolis/,de-de,en-us,No,Yes,Yes,No,,PASS
https://nrlc.ai/en-us/services/chatgpt-optimization/leeds/,en-us,en-gb,No,Yes,Yes,No,,PASS
https://nrlc.ai/services/llm-seeding/new-york/,none,en-gb,No,N/A,Yes,No,,PASS
https://nrlc.ai/en-us/services/conversational-seo-ai/edinburgh/,en-us,en-gb,No,Yes,Yes,No,,PASS
https://nrlc.ai/en-gb/services/conversion-optimization-ai/chicago/,en-gb,en-us,No,Yes,Yes,No,,PASS
https://nrlc.ai/en-us/services/copilot-optimization/huddersfield/,en-us,en-gb,No,Yes,Yes,No,,PASS
https://nrlc.ai/en-us/services/copilot-optimization/windsor/,en-us,en-us,Yes,N/A,Yes,Yes,,PASS
https://nrlc.ai/en-gb/services/bard-optimization/southend-on-sea/,en-gb,en-gb,Yes,N/A,Yes,Yes,,PASS
https://nrlc.ai/en-us/services/entity-optimization-ai/omaha/,en-us,en-us,Yes,N/A,Yes,Yes,,PASS
https://nrlc.ai/services/retrieval-optimization-ai/stockport/,none,en-gb,No,N/A,Yes,No,,PASS
https://nrlc.ai/services/personalization-ai/huddersfield/,none,en-gb,No,N/A,Yes,No,,PASS
https://nrlc.ai/fr-fr/services/entity-optimization-ai/glasgow/,fr-fr,en-gb,No,Yes,Yes,No,,PASS
https://nrlc.ai/ko-kr/services/llm-optimization/oldham/,ko-kr,en-gb,No,Yes,Yes,No,,PASS
https://nrlc.ai/en-us/services/semantic-seo-ai/kansas-city/,en-us,en-us,Yes,N/A,Yes,Yes,,PASS
https://nrlc.ai/en-gb/services/ranking-optimization-ai/stockport/,en-gb,en-gb,Yes,N/A,Yes,Yes,,PASS
https://nrlc.ai/en-us/services/relevance-optimization-ai/fort-worth/,en-us,en-us,Yes,N/A,Yes,Yes,,PASS
https://nrlc.ai/en-us/services/structured-data-ai/jacksonville/,en-us,en-us,Yes,N/A,Yes,Yes,,PASS
https://nrlc.ai/fr-fr/services/conversational-seo-ai/indianapolis/,fr-fr,en-us,No,Yes,Yes,No,,PASS
https://nrlc.ai/es-es/services/multimodal-seo-ai/singapore/,es-es,en-us,No,Yes,Yes,No,,PASS
https://nrlc.ai/en-us/services/ai-search-optimization/southend-on-sea/,en-us,en-gb,No,Yes,Yes,No,,PASS
https://nrlc.ai/en-gb/services/local-seo-ai/saskatoon/,en-gb,en-us,No,Yes,Yes,No,,PASS
https://nrlc.ai/en-us/services/contextual-seo-ai/indianapolis/,en-us,en-us,Yes,N/A,Yes,Yes,,PASS
https://nrlc.ai/en-gb/services/claude-optimization/stockport/,en-gb,en-gb,Yes,N/A,Yes,Yes,,PASS
https://nrlc.ai/en-us/services/copilot-optimization/oshawa/,en-us,en-us,Yes,N/A,Yes,Yes,,PASS
https://nrlc.ai/fr-fr/services/claude-optimization/los-angeles/,fr-fr,en-us,No,Yes,Yes,No,,PASS
https://nrlc.ai/es-es/services/ai-search-optimization/huddersfield/,es-es,en-gb,No,Yes,Yes,No,,PASS
https://nrlc.ai/en-us/services/ecommerce-ai-seo/huddersfield/,en-us,en-gb,No,Yes,Yes,No,,PASS
https://nrlc.ai/en-us/services/conversational-seo-ai/norwich/,en-us,en-gb,No,Yes,Yes,No,,PASS
https://nrlc.ai/services/ai-search-optimization/oldham/,none,en-gb,No,N/A,Yes,No,,PASS
https://nrlc.ai/en-us/services/explainability-optimization-ai/stockport/,en-us,en-gb,No,Yes,Yes,No,,PASS
https://nrlc.ai/en-us/services/site-audits/san-diego/,en-us,en-us,Yes,N/A,Yes,Yes,,PASS
https://nrlc.ai/de-de/services/llm-optimization/sheffield/,de-de,en-gb,No,Yes,Yes,No,,PASS
https://nrlc.ai/ko-kr/services/technical-audit-ai/hull/,ko-kr,en-gb,No,Yes,Yes,No,,PASS
https://nrlc.ai/ko-kr/services/llm-optimization/southport/,ko-kr,en-gb,No,Yes,Yes,No,,PASS
https://nrlc.ai/en-us/services/ai-search-optimization/colorado-springs/,en-us,en-us,Yes,N/A,Yes,Yes,,PASS
https://nrlc.ai/en-us/services/technical-seo/barrie/,en-us,en-us,Yes,N/A,Yes,Yes,,PASS
https://nrlc.ai/en-gb/services/verification-optimization-ai/oldham/,en-gb,en-gb,Yes,N/A,Yes,Yes,,PASS
https://nrlc.ai/en-us/services/agentic-seo/cardiff/,en-us,en-gb,No,Yes,Yes,No,,PASS
https://nrlc.ai/fr-fr/services/structured-data-ai/middlesbrough/,fr-fr,en-gb,No,Yes,Yes,No,,PASS
https://nrlc.ai/en-gb/services/conversion-optimization-ai/ottawa/,en-gb,en-us,No,Yes,Yes,No,,PASS
https://nrlc.ai/ko-kr/services/semantic-seo-ai/las-vegas/,ko-kr,en-us,No,Yes,Yes,No,,PASS
https://nrlc.ai/en-gb/services/content-optimization-ai/oldham/,en-gb,en-gb,Yes,N/A,Yes,Yes,,PASS
https://nrlc.ai/fr-fr/services/copilot-optimization/southend-on-sea/,fr-fr,en-gb,No,Yes,Yes,No,,PASS
https://nrlc.ai/fr-fr/services/entity-recognition-ai/burnley/,fr-fr,en-gb,No,Yes,Yes,No,,PASS
https://nrlc.ai/ko-kr/services/ai-search-optimization/northampton/,ko-kr,en-gb,No,Yes,Yes,No,,PASS
https://nrlc.ai/en-us/services/international-seo/huddersfield/,en-us,en-gb,No,Yes,Yes,No,,PASS
https://nrlc.ai/en-gb/services/perplexity-optimization/huddersfield/,en-gb,en-gb,Yes,N/A,Yes,Yes,,PASS
