URL,"Technical SEO","AEO Compliance","GEO Optimization","Schema Markup",Croutonization,"Overall Score"
/en-us/insights/google-llms-txt-ai-seo/,50,100,50,75,75,70
/en-us/insights/grounding-queries-fan-out-ai-visibility/,50,100,100,0,75,65
/,50,100,100,0,75,65
/en-us/tools/bing-ai-citations/,50,100,100,0,75,65
/en-us/industries/industry/,25,100,75,75,50,65
/en-us/services/service/,50,100,100,0,75,65
/en-us/insights/prompt-to-product/,50,100,100,0,50,60
/en-us/home/home_new/,25,50,50,75,100,60
/en-us/learn/types-of-seo/,50,100,100,0,50,60
/en-us/learn/can-ai-do-seo/,50,100,100,0,50,60
/en-us/services/service_city_training/,50,100,100,0,50,60
/en-us/insights/silent-hydration-seo/,50,100,75,0,50,55
/en-us/insights/content-chunking-seo/,50,75,75,0,75,55
/en-us/insights/prechunking-content-ai-retrieval/,50,100,75,0,50,55
/en-us/insights/ai-retrieval-llm-citation/,50,100,75,0,50,55
/en-us/learn/seo-80-20-rule/,50,100,75,0,50,55
/en-us/tools/tool/,25,100,25,75,50,55
/en-us/resources/local-pack/city-service-pages-doorway-risk/,50,75,100,0,50,55
/en-us/docs/prechunking-seo/course/,50,75,75,0,75,55
/en-us/services/ai-overviews-optimization/cambridge/,50,75,75,0,75,55
/en-us/services/service_city/,50,100,75,0,50,55
/en-us/insights/grounding-budgets-prechunking/,50,100,50,0,50,50
/en-us/insights/performance-caching/,50,75,75,0,50,50
/en-us/insights/data-virtualization/,50,75,75,0,50,50
/en-us/insights/how-to-get-your-business-mentioned-in-chatgpt/,50,75,75,0,50,50
/en-us/insights/enterprise-llm/,50,75,75,0,50,50
/en-us/insights/agentic-commerce-aps/,50,75,75,0,50,50
/en-us/insights/semantic-queries/,50,75,75,0,50,50
/en-us/home/home_old_backup/,25,75,50,25,75,50
/en-us/products/applicants-io/,25,100,75,0,50,50
/en-us/products/neural-command-os/,50,75,75,0,50,50
/en-us/ai-visibility/industry/,50,100,50,0,50,50
/en-us/training/ai-search-systems/,50,75,75,0,50,50
/en-us/resources/local-pack/near-me-myth/,50,75,75,0,50,50
/en-us/resources/resource/,25,75,25,75,50,50
/en-us/docs/prechunking-seo/course/how-llms-chunk-content/,50,75,75,0,50,50
/en-us/docs/prechunking-seo/course/data-structuring-beyond-pages/,50,75,75,0,50,50
/en-us/case-studies/b2b-saas/,50,50,75,25,50,50
/en-us/case-studies/entity-semantic-poisoning-saw/,50,50,50,50,50,50
/en-us/services/enterprise-schema-markup/,50,75,75,0,50,50
/en-us/services/service_city_audit/,50,75,75,0,50,50
/en-us/services/ai-seo-norwich/,50,50,75,0,75,50
/en-us/services/service_local_seo_ai_city/,50,75,75,0,50,50
/en-us/insights/indexing-suppression-paid-search/,50,75,50,0,50,45
/en-us/insights/open-seo-tools/,50,50,50,0,75,45
/en-us/tools/ahrefs-specialized/,50,50,75,0,50,45
/en-us/ai-visibility-dictionary/,50,50,75,0,50,45
/en-us/generative-engine-optimization/extractability/,50,50,75,0,50,45
/en-us/generative-engine-optimization/failure-modes/faceted-navigation/,50,50,75,0,50,45
/en-us/generative-engine-optimization/failure-modes/conflicting-entities/,50,50,75,0,50,45
/en-us/generative-engine-optimization/failure-modes/canonical-drift/,50,50,75,0,50,45
/en-us/generative-engine-optimization/failure-modes/ai-content-collapse/,50,50,75,0,50,45
/en-us/ai-visibility/veterinary/,50,50,75,0,50,45
/en-us/ai-visibility/contractor/,50,50,75,0,50,45
/en-us/ai-visibility/senior-care/,50,50,75,0,50,45
/en-us/ai-visibility/private-school/,50,50,75,0,50,45
/en-us/ai-visibility/funeral/,50,50,75,0,50,45
/en-us/ai-visibility/real-estate/,50,50,75,0,50,45
/en-us/ai-visibility/financial-advisor/,50,50,75,0,50,45
/en-us/ai-visibility/immigration/,50,50,75,0,50,45
/en-us/ai-visibility/auto-repair/,50,50,75,0,50,45
/en-us/ai-visibility/private-investigator/,50,50,75,0,50,45
/en-us/catalog/item/,50,50,50,25,50,45
/en-us/resources/local-pack/gsc-local-forensics/,50,75,50,0,50,45
/en-us/docs/prechunking-seo/course/cross-page-consistency/,50,50,75,0,50,45
/en-us/docs/prechunking-seo/course/chunk-atomicity-inference-cost/,50,50,75,0,50,45
/en-us/docs/prechunking-seo/course/measuring-prechunking-success/,50,75,50,0,50,45
/en-us/docs/prechunking-seo/course/prompt-reverse-engineering/,50,75,50,0,50,45
/en-us/docs/prechunking-seo/course/citation-eligibility-engineering/,50,50,75,0,50,45
/en-us/docs/prechunking-seo/course/failure-modes-why-chunks-die/,50,50,75,0,50,45
/en-us/case-studies/fintech/,50,50,50,25,50,45
/en-us/case-studies/ecommerce/,50,50,50,25,50,45
/en-us/case-studies/case-study/,50,75,50,0,50,45
/en-us/case-studies/healthcare/,50,50,50,25,50,45
/en-us/case-studies/education/,50,50,50,25,50,45
/en-us/careers/llm_strategist_hub/,50,75,50,0,50,45
/en-us/ai/competitors-recommended-instead/,50,75,50,0,50,45
/en-us/ai/local-business-not-recommended/,50,75,50,0,50,45
/en-us/ai/brand-not-showing-chatgpt/,50,75,50,0,50,45
/en-us/ai/compliance-trust-answers/,50,75,50,0,50,45
/en-us/glossary/generative-search-terms/,50,50,75,0,50,45
/en-us/ai-search-diagnostics/schema-stopped-working/,50,50,75,0,50,45
/en-us/ai-search-diagnostics/traffic-down-rankings-stable/,50,50,75,0,50,45
/en-us/services/shopify-ai-seo/,50,50,75,0,50,45
/en-us/insights/semantic-modeling/,50,50,50,0,50,40
/en-us/insights/enterprise-schema-markup/,50,50,50,0,50,40
/en-us/insights/schema-governance-and-validation/,50,50,50,0,50,40
/en-us/insights/knowledge-graph/,50,50,50,0,50,40
/en-us/insights/goldmine-google-title-selection/,50,75,50,0,25,40
/en-us/insights/semantic-constraint-medical-information-retrieval/,50,50,50,0,50,40
/en-us/ai-search-tools-reality/tool-metrics-vs-reality/,50,25,75,0,50,40
/en-us/ai-search-tools-reality/what-seo-tools-can-and-cannot-see/,50,25,75,0,50,40
/en-us/ai-search-tools-reality/limitations-of-ai-visibility-tools/,50,25,75,0,50,40
/en-us/ai-search-tools-reality/why-ai-search-data-is-incomplete/,50,25,75,0,50,40
/en-us/ai-search-migrations/retiring-low-confidence-pages/,50,25,75,0,50,40
/en-us/ai-search-migrations/restructuring-content-for-ai/,50,25,75,0,50,40
/en-us/ai-search-migrations/chunking-existing-content/,50,25,75,0,50,40
/en-us/ai-search-migrations/rebuilding-sites-for-retrieval/,50,25,75,0,50,40
/en-us/ai-search-migrations/migrating-legacy-blogs/,50,25,75,0,50,40
/en-us/products/data-but-structured/,25,50,75,0,50,40
/en-us/generative-engine-optimization/inference-context-stability/,50,25,75,0,50,40
/en-us/generative-engine-optimization/decision-traces/,50,25,75,0,50,40
/en-us/generative-engine-optimization/failure-modes/schema-noise/,50,25,75,0,50,40
/en-us/generative-engine-optimization/compression-integrity/,50,25,75,0,50,40
/en-us/generative-engine-optimization/confidence-band-filtering/,50,25,75,0,50,40
/en-us/ai-visibility/audit-example/,50,75,25,0,50,40
/en-us/ai-search-operations/practices-with-diminishing-returns/,50,25,75,0,50,40
/en-us/ai-search-operations/what-still-matters-operationally/,50,25,75,0,50,40
/en-us/ai-search-operations/signals-generative-engines-ignore/,50,25,75,0,50,40
/en-us/ai-search-operations/what-to-stop-doing-in-seo/,50,25,75,0,50,40
/en-us/ai-search-measurement/measuring-ai-visibility/,50,25,75,0,50,40
/en-us/ai-search-measurement/what-can-and-cannot-be-measured/,50,25,75,0,50,40
/en-us/ai-search-measurement/tracking-ai-citations/,50,25,75,0,50,40
/en-us/ai-search-measurement/attribution-in-zero-click-search/,50,25,75,0,50,40
/en-us/ai-search-measurement/reporting-ai-search-performance/,50,25,75,0,50,40
/en-us/training/one-on-one/,50,50,50,0,50,40
/en-us/resources/diagnostic/,50,50,50,0,50,40
/en-us/resources/local-pack/local-seo-grifts/,50,25,75,0,50,40
/en-us/docs/prechunking-seo/course/vectorization-semantic-collisions/,50,50,50,0,50,40
/en-us/blog/blog-post/,50,75,50,0,25,40
/en-us/case-studies/real-estate/,50,50,50,0,50,40
/en-us/ai-search-risk/ai-search-compliance/,50,25,75,0,50,40
/en-us/ai-search-risk/hallucinated-brand-mentions/,50,25,75,0,50,40
/en-us/ai-search-risk/correcting-ai-misinformation/,50,25,75,0,50,40
/en-us/ai-search-risk/ai-citation-risk/,50,25,75,0,50,40
/en-us/ai-search-risk/trust-and-authority-governance/,50,25,75,0,50,40
/en-us/ai-search-strategy/what-seo-lost-control-over/,50,25,75,0,50,40
/en-us/ai-search-strategy/is-seo-still-relevant/,50,25,75,0,50,40
/en-us/ai-search-strategy/agency-models-in-ai-search/,50,25,75,0,50,40
/en-us/ai-search-strategy/what-seo-still-controls/,50,25,75,0,50,40
/en-us/ai-search-strategy/future-of-seo-teams/,50,25,75,0,50,40
/en-us/field-notes/google-ai-overviews/,50,25,75,0,50,40
/en-us/field-notes/perplexity/,50,25,75,0,50,40
/en-us/field-notes/chatgpt/,50,25,75,0,50,40
/en-us/glossary/retrieval-failure-patterns/,50,25,75,0,50,40
/en-us/glossary/ai-search-definitions/,50,25,75,0,50,40
/en-us/ai-search-diagnostics/not-cited-in-ai-overviews/,50,25,75,0,50,40
/en-us/ai-search-diagnostics/site-not-showing-in-ai-results/,50,25,75,0,50,40
/en-us/ai-search-diagnostics/indexed-but-not-retrieved/,50,25,75,0,50,40
/en-us/ai-optimization/aeo-strategy-2026-writing-agentic-web/,50,50,75,0,25,40
/en-us/ai-optimization/death-of-landing-page-truth-layer-2026/,50,50,75,0,25,40
/en-us/services/generative-seo/atlanta/,50,75,25,0,50,40
/en-us/insights/tool-reviews/,50,25,50,0,50,35
/en-us/home/home_safe/,75,0,75,0,25,35
/en-us/products/newfaq/,0,75,50,0,50,35
/en-us/products/prompt-surface-intelligence/,25,50,50,0,50,35
/en-us/about/joel-maldonado/,50,25,75,0,25,35
/en-us/docs/prechunking-seo/academic-signals/,50,25,50,0,50,35
/en-us/blog/blog-post-9/,50,25,50,25,25,35
/en-us/blog/blog-post-262/,50,25,50,25,25,35
/en-us/blog/blog-post-276/,50,25,50,25,25,35
/en-us/blog/blog-post-289/,50,25,50,25,25,35
/en-us/blog/blog-post-458/,50,25,50,25,25,35
/en-us/blog/blog-post-316/,50,25,50,25,25,35
/en-us/blog/blog-post-470/,50,25,50,25,25,35
/en-us/blog/blog-post-464/,50,25,50,25,25,35
/en-us/blog/blog-post-302/,50,25,50,25,25,35
/en-us/blog/blog-post-54/,50,25,50,25,25,35
/en-us/blog/blog-post-128/,50,25,50,25,25,35
/en-us/blog/blog-post-40/,50,25,50,25,25,35
/en-us/blog/blog-post-68/,50,25,50,25,25,35
/en-us/blog/blog-post-114/,50,25,50,25,25,35
/en-us/blog/blog-post-100/,50,25,50,25,25,35
/en-us/blog/blog-post-97/,50,25,50,25,25,35
/en-us/blog/blog-post-83/,50,25,50,25,25,35
/en-us/blog/blog-post-82/,50,25,50,25,25,35
/en-us/blog/blog-post-96/,50,25,50,25,25,35
/en-us/blog/blog-post-101/,50,25,50,25,25,35
/en-us/blog/blog-post-69/,50,25,50,25,25,35
/en-us/blog/blog-post-115/,50,25,50,25,25,35
/en-us/blog/blog-post-41/,50,25,50,25,25,35
/en-us/blog/blog-post-55/,50,25,50,25,25,35
/en-us/blog/blog-post-129/,50,25,50,25,25,35
/en-us/blog/blog-post-465/,50,25,50,25,25,35
/en-us/blog/blog-post-303/,50,25,50,25,25,35
/en-us/blog/blog-post-317/,50,25,50,25,25,35
/en-us/blog/blog-post-471/,50,25,50,25,25,35
/en-us/blog/blog-post-459/,50,25,50,25,25,35
/en-us/blog/blog-post-288/,50,25,50,25,25,35
/en-us/blog/blog-post-277/,50,25,50,25,25,35
/en-us/blog/blog-post-263/,50,25,50,25,25,35
/en-us/blog/blog-post-8/,50,25,50,25,25,35
/en-us/blog/blog-post-249/,50,25,50,25,25,35
/en-us/blog/blog-post-275/,50,25,50,25,25,35
/en-us/blog/blog-post-261/,50,25,50,25,25,35
/en-us/blog/blog-post-329/,50,25,50,25,25,35
/en-us/blog/blog-post-301/,50,25,50,25,25,35
/en-us/blog/blog-post-467/,50,25,50,25,25,35
/en-us/blog/blog-post-473/,50,25,50,25,25,35
/en-us/blog/blog-post-315/,50,25,50,25,25,35
/en-us/blog/blog-post-498/,50,25,50,25,25,35
/en-us/blog/blog-post-43/,50,25,50,25,25,35
/en-us/blog/blog-post-57/,50,25,50,25,25,35
/en-us/blog/blog-post-103/,50,25,50,25,25,35
/en-us/blog/blog-post-117/,50,25,50,25,25,35
/en-us/blog/blog-post-80/,50,25,50,25,25,35
/en-us/blog/blog-post-94/,50,25,50,25,25,35
/en-us/blog/blog-post-95/,50,25,50,25,25,35
/en-us/blog/blog-post-81/,50,25,50,25,25,35
/en-us/blog/blog-post-116/,50,25,50,25,25,35
/en-us/blog/blog-post-102/,50,25,50,25,25,35
/en-us/blog/blog-post-56/,50,25,50,25,25,35
/en-us/blog/blog-post-42/,50,25,50,25,25,35
/en-us/blog/blog-post-499/,50,25,50,25,25,35
/en-us/blog/blog-post-472/,50,25,50,25,25,35
/en-us/blog/blog-post-314/,50,25,50,25,25,35
/en-us/blog/blog-post-300/,50,25,50,25,25,35
/en-us/blog/blog-post-466/,50,25,50,25,25,35
/en-us/blog/blog-post-328/,50,25,50,25,25,35
/en-us/blog/blog-post-260/,50,25,50,25,25,35
/en-us/blog/blog-post-274/,50,25,50,25,25,35
/en-us/blog/blog-post-248/,50,25,50,25,25,35
/en-us/blog/blog-post-270/,50,25,50,25,25,35
/en-us/blog/blog-post-264/,50,25,50,25,25,35
/en-us/blog/blog-post-258/,50,25,50,25,25,35
/en-us/blog/blog-post-462/,50,25,50,25,25,35
/en-us/blog/blog-post-304/,50,25,50,25,25,35
/en-us/blog/blog-post-310/,50,25,50,25,25,35
/en-us/blog/blog-post-476/,50,25,50,25,25,35
/en-us/blog/blog-post-338/,50,25,50,25,25,35
/en-us/blog/blog-post-489/,50,25,50,25,25,35
/en-us/blog/blog-post-106/,50,25,50,25,25,35
/en-us/blog/blog-post-112/,50,25,50,25,25,35
/en-us/blog/blog-post-46/,50,25,50,25,25,35
/en-us/blog/blog-post-52/,50,25,50,25,25,35
/en-us/blog/blog-post-85/,50,25,50,25,25,35
/en-us/blog/blog-post-91/,50,25,50,25,25,35
/en-us/blog/blog-post-90/,50,25,50,25,25,35
/en-us/blog/blog-post-84/,50,25,50,25,25,35
/en-us/blog/blog-post-53/,50,25,50,25,25,35
/en-us/blog/blog-post-47/,50,25,50,25,25,35
/en-us/blog/blog-post-113/,50,25,50,25,25,35
/en-us/blog/blog-post-107/,50,25,50,25,25,35
/en-us/blog/blog-post-488/,50,25,50,25,25,35
/en-us/blog/blog-post-339/,50,25,50,25,25,35
/en-us/blog/blog-post-311/,50,25,50,25,25,35
/en-us/blog/blog-post-477/,50,25,50,25,25,35
/en-us/blog/blog-post-463/,50,25,50,25,25,35
/en-us/blog/blog-post-305/,50,25,50,25,25,35
/en-us/blog/blog-post-259/,50,25,50,25,25,35
/en-us/blog/blog-post-265/,50,25,50,25,25,35
/en-us/blog/blog-post-271/,50,25,50,25,25,35
/en-us/blog/blog-post-267/,50,25,50,25,25,35
/en-us/blog/blog-post-273/,50,25,50,25,25,35
/en-us/blog/blog-post-298/,50,25,50,25,25,35
/en-us/blog/blog-post-475/,50,25,50,25,25,35
/en-us/blog/blog-post-313/,50,25,50,25,25,35
/en-us/blog/blog-post-307/,50,25,50,25,25,35
/en-us/blog/blog-post-461/,50,25,50,25,25,35
/en-us/blog/blog-post-449/,50,25,50,25,25,35
/en-us/blog/blog-post-111/,50,25,50,25,25,35
/en-us/blog/blog-post-79/,50,25,50,25,25,35
/en-us/blog/blog-post-105/,50,25,50,25,25,35
/en-us/blog/blog-post-51/,50,25,50,25,25,35
/en-us/blog/blog-post-45/,50,25,50,25,25,35
/en-us/blog/blog-post-139/,50,25,50,25,25,35
/en-us/blog/blog-post-92/,50,25,50,25,25,35
/en-us/blog/blog-post-86/,50,25,50,25,25,35
/en-us/blog/blog-post-87/,50,25,50,25,25,35
/en-us/blog/blog-post-93/,50,25,50,25,25,35
/en-us/blog/blog-post-44/,50,25,50,25,25,35
/en-us/blog/blog-post-138/,50,25,50,25,25,35
/en-us/blog/blog-post-50/,50,25,50,25,25,35
/en-us/blog/blog-post-78/,50,25,50,25,25,35
/en-us/blog/blog-post-104/,50,25,50,25,25,35
/en-us/blog/blog-post-110/,50,25,50,25,25,35
/en-us/blog/blog-post-448/,50,25,50,25,25,35
/en-us/blog/blog-post-306/,50,25,50,25,25,35
/en-us/blog/blog-post-460/,50,25,50,25,25,35
/en-us/blog/blog-post-474/,50,25,50,25,25,35
/en-us/blog/blog-post-312/,50,25,50,25,25,35
/en-us/blog/blog-post-299/,50,25,50,25,25,35
/en-us/blog/blog-post-272/,50,25,50,25,25,35
/en-us/blog/blog-post-500/,50,25,50,25,25,35
/en-us/blog/blog-post-266/,50,25,50,25,25,35
/en-us/blog/blog-post-229/,50,25,50,25,25,35
/en-us/blog/blog-post-201/,50,25,50,25,25,35
/en-us/blog/blog-post-215/,50,25,50,25,25,35
/en-us/blog/blog-post-349/,50,25,50,25,25,35
/en-us/blog/blog-post-413/,50,25,50,25,25,35
/en-us/blog/blog-post-375/,50,25,50,25,25,35
/en-us/blog/blog-post-361/,50,25,50,25,25,35
/en-us/blog/blog-post-407/,50,25,50,25,25,35
/en-us/blog/blog-post-37/,50,25,50,25,25,35
/en-us/blog/blog-post-23/,50,25,50,25,25,35
/en-us/blog/blog-post-177/,50,25,50,25,25,35
/en-us/blog/blog-post-163/,50,25,50,25,25,35
/en-us/blog/blog-post-188/,50,25,50,25,25,35
/en-us/blog/blog-post-189/,50,25,50,25,25,35
/en-us/blog/blog-post-162/,50,25,50,25,25,35
/en-us/blog/blog-post-176/,50,25,50,25,25,35
/en-us/blog/blog-post-22/,50,25,50,25,25,35
/en-us/blog/blog-post-36/,50,25,50,25,25,35
/en-us/blog/blog-post-360/,50,25,50,25,25,35
/en-us/blog/blog-post-406/,50,25,50,25,25,35
/en-us/blog/blog-post-412/,50,25,50,25,25,35
/en-us/blog/blog-post-374/,50,25,50,25,25,35
/en-us/blog/blog-post-348/,50,25,50,25,25,35
/en-us/blog/blog-post-214/,50,25,50,25,25,35
/en-us/blog/blog-post-200/,50,25,50,25,25,35
/en-us/blog/blog-post-228/,50,25,50,25,25,35
/en-us/blog/blog-post-216/,50,25,50,25,25,35
/en-us/blog/blog-post-202/,50,25,50,25,25,35
/en-us/blog/blog-post-438/,50,25,50,25,25,35
/en-us/blog/blog-post-404/,50,25,50,25,25,35
/en-us/blog/blog-post-362/,50,25,50,25,25,35
/en-us/blog/blog-post-376/,50,25,50,25,25,35
/en-us/blog/blog-post-410/,50,25,50,25,25,35
/en-us/blog/blog-post-389/,50,25,50,25,25,35
/en-us/blog/blog-post-20/,50,25,50,25,25,35
/en-us/blog/blog-post-34/,50,25,50,25,25,35
/en-us/blog/blog-post-148/,50,25,50,25,25,35
/en-us/blog/blog-post-160/,50,25,50,25,25,35
/en-us/blog/blog-post-174/,50,25,50,25,25,35
/en-us/blog/blog-post-175/,50,25,50,25,25,35
/en-us/blog/blog-post-161/,50,25,50,25,25,35
/en-us/blog/blog-post-35/,50,25,50,25,25,35
/en-us/blog/blog-post-149/,50,25,50,25,25,35
/en-us/blog/blog-post-21/,50,25,50,25,25,35
/en-us/blog/blog-post-388/,50,25,50,25,25,35
/en-us/blog/blog-post-377/,50,25,50,25,25,35
/en-us/blog/blog-post-411/,50,25,50,25,25,35
/en-us/blog/blog-post-405/,50,25,50,25,25,35
/en-us/blog/blog-post-363/,50,25,50,25,25,35
/en-us/blog/blog-post-439/,50,25,50,25,25,35
/en-us/blog/blog-post-203/,50,25,50,25,25,35
/en-us/blog/blog-post-217/,50,25,50,25,25,35
/en-us/blog/blog-post-213/,50,25,50,25,25,35
/en-us/blog/blog-post-207/,50,25,50,25,25,35
/en-us/blog/blog-post-367/,50,25,50,25,25,35
/en-us/blog/blog-post-401/,50,25,50,25,25,35
/en-us/blog/blog-post-415/,50,25,50,25,25,35
/en-us/blog/blog-post-373/,50,25,50,25,25,35
/en-us/blog/blog-post-429/,50,25,50,25,25,35
/en-us/blog/blog-post-398/,50,25,50,25,25,35
/en-us/blog/blog-post-19/,50,25,50,25,25,35
/en-us/blog/blog-post-165/,50,25,50,25,25,35
/en-us/blog/blog-post-171/,50,25,50,25,25,35
/en-us/blog/blog-post-25/,50,25,50,25,25,35
/en-us/blog/blog-post-159/,50,25,50,25,25,35
/en-us/blog/blog-post-31/,50,25,50,25,25,35
/en-us/blog/blog-post-30/,50,25,50,25,25,35
/en-us/blog/blog-post-24/,50,25,50,25,25,35
/en-us/blog/blog-post-158/,50,25,50,25,25,35
/en-us/blog/blog-post-170/,50,25,50,25,25,35
/en-us/blog/blog-post-18/,50,25,50,25,25,35
/en-us/blog/blog-post-164/,50,25,50,25,25,35
/en-us/blog/blog-post-399/,50,25,50,25,25,35
/en-us/blog/blog-post-428/,50,25,50,25,25,35
/en-us/blog/blog-post-414/,50,25,50,25,25,35
/en-us/blog/blog-post-372/,50,25,50,25,25,35
/en-us/blog/blog-post-366/,50,25,50,25,25,35
/en-us/blog/blog-post-400/,50,25,50,25,25,35
/en-us/blog/blog-post-206/,50,25,50,25,25,35
/en-us/blog/blog-post-212/,50,25,50,25,25,35
/en-us/blog/blog-post-204/,50,25,50,25,25,35
/en-us/blog/blog-post-210/,50,25,50,25,25,35
/en-us/blog/blog-post-238/,50,25,50,25,25,35
/en-us/blog/blog-post-370/,50,25,50,25,25,35
/en-us/blog/blog-post-416/,50,25,50,25,25,35
/en-us/blog/blog-post-402/,50,25,50,25,25,35
/en-us/blog/blog-post-364/,50,25,50,25,25,35
/en-us/blog/blog-post-358/,50,25,50,25,25,35
/en-us/blog/blog-post-172/,50,25,50,25,25,35
/en-us/blog/blog-post-166/,50,25,50,25,25,35
/en-us/blog/blog-post-32/,50,25,50,25,25,35
/en-us/blog/blog-post-26/,50,25,50,25,25,35
/en-us/blog/blog-post-199/,50,25,50,25,25,35
/en-us/blog/blog-post-198/,50,25,50,25,25,35
/en-us/blog/blog-post-27/,50,25,50,25,25,35
/en-us/blog/blog-post-33/,50,25,50,25,25,35
/en-us/blog/blog-post-167/,50,25,50,25,25,35
/en-us/blog/blog-post-173/,50,25,50,25,25,35
/en-us/blog/blog-post-359/,50,25,50,25,25,35
/en-us/blog/blog-post-403/,50,25,50,25,25,35
/en-us/blog/blog-post-365/,50,25,50,25,25,35
/en-us/blog/blog-post-371/,50,25,50,25,25,35
/en-us/blog/blog-post-417/,50,25,50,25,25,35
/en-us/blog/blog-post-239/,50,25,50,25,25,35
/en-us/blog/blog-post-211/,50,25,50,25,25,35
/en-us/blog/blog-post-205/,50,25,50,25,25,35
/en-us/blog/blog-post-208/,50,25,50,25,25,35
/en-us/blog/blog-post-220/,50,25,50,25,25,35
/en-us/blog/blog-post-234/,50,25,50,25,25,35
/en-us/blog/blog-post-368/,50,25,50,25,25,35
/en-us/blog/blog-post-432/,50,25,50,25,25,35
/en-us/blog/blog-post-354/,50,25,50,25,25,35
/en-us/blog/blog-post-340/,50,25,50,25,25,35
/en-us/blog/blog-post-426/,50,25,50,25,25,35
/en-us/blog/blog-post-397/,50,25,50,25,25,35
/en-us/blog/blog-post-383/,50,25,50,25,25,35
/en-us/blog/blog-post-16/,50,25,50,25,25,35
/en-us/blog/blog-post-156/,50,25,50,25,25,35
/en-us/blog/blog-post-142/,50,25,50,25,25,35
/en-us/blog/blog-post-195/,50,25,50,25,25,35
/en-us/blog/blog-post-181/,50,25,50,25,25,35
/en-us/blog/blog-post-180/,50,25,50,25,25,35
/en-us/blog/blog-post-194/,50,25,50,25,25,35
/en-us/blog/blog-post-143/,50,25,50,25,25,35
/en-us/blog/blog-post-157/,50,25,50,25,25,35
/en-us/blog/blog-post-17/,50,25,50,25,25,35
/en-us/blog/blog-post-382/,50,25,50,25,25,35
/en-us/blog/blog-post-396/,50,25,50,25,25,35
/en-us/blog/blog-post-341/,50,25,50,25,25,35
/en-us/blog/blog-post-427/,50,25,50,25,25,35
/en-us/blog/blog-post-433/,50,25,50,25,25,35
/en-us/blog/blog-post-355/,50,25,50,25,25,35
/en-us/blog/blog-post-369/,50,25,50,25,25,35
/en-us/blog/blog-post-235/,50,25,50,25,25,35
/en-us/blog/blog-post-221/,50,25,50,25,25,35
/en-us/blog/blog-post-209/,50,25,50,25,25,35
/en-us/blog/blog-post-237/,50,25,50,25,25,35
/en-us/blog/blog-post-223/,50,25,50,25,25,35
/en-us/blog/blog-post-419/,50,25,50,25,25,35
/en-us/blog/blog-post-425/,50,25,50,25,25,35
/en-us/blog/blog-post-343/,50,25,50,25,25,35
/en-us/blog/blog-post-357/,50,25,50,25,25,35
/en-us/blog/blog-post-431/,50,25,50,25,25,35
/en-us/blog/blog-post-380/,50,25,50,25,25,35
/en-us/blog/blog-post-394/,50,25,50,25,25,35
/en-us/blog/blog-post-15/,50,25,50,25,25,35
/en-us/blog/blog-post-169/,50,25,50,25,25,35
/en-us/blog/blog-post-141/,50,25,50,25,25,35
/en-us/blog/blog-post-29/,50,25,50,25,25,35
/en-us/blog/blog-post-155/,50,25,50,25,25,35
/en-us/blog/blog-post-182/,50,25,50,25,25,35
/en-us/blog/blog-post-196/,50,25,50,25,25,35
/en-us/blog/blog-post-197/,50,25,50,25,25,35
/en-us/blog/blog-post-183/,50,25,50,25,25,35
/en-us/blog/blog-post-28/,50,25,50,25,25,35
/en-us/blog/blog-post-154/,50,25,50,25,25,35
/en-us/blog/blog-post-140/,50,25,50,25,25,35
/en-us/blog/blog-post-14/,50,25,50,25,25,35
/en-us/blog/blog-post-168/,50,25,50,25,25,35
/en-us/blog/blog-post-395/,50,25,50,25,25,35
/en-us/blog/blog-post-381/,50,25,50,25,25,35
/en-us/blog/blog-post-356/,50,25,50,25,25,35
/en-us/blog/blog-post-430/,50,25,50,25,25,35
/en-us/blog/blog-post-424/,50,25,50,25,25,35
/en-us/blog/blog-post-342/,50,25,50,25,25,35
/en-us/blog/blog-post-418/,50,25,50,25,25,35
/en-us/blog/blog-post-222/,50,25,50,25,25,35
/en-us/blog/blog-post-236/,50,25,50,25,25,35
/en-us/blog/blog-post-232/,50,25,50,25,25,35
/en-us/blog/blog-post-226/,50,25,50,25,25,35
/en-us/blog/blog-post-346/,50,25,50,25,25,35
/en-us/blog/blog-post-420/,50,25,50,25,25,35
/en-us/blog/blog-post-434/,50,25,50,25,25,35
/en-us/blog/blog-post-352/,50,25,50,25,25,35
/en-us/blog/blog-post-408/,50,25,50,25,25,35
/en-us/blog/blog-post-385/,50,25,50,25,25,35
/en-us/blog/blog-post-391/,50,25,50,25,25,35
/en-us/blog/blog-post-38/,50,25,50,25,25,35
/en-us/blog/blog-post-144/,50,25,50,25,25,35
/en-us/blog/blog-post-150/,50,25,50,25,25,35
/en-us/blog/blog-post-178/,50,25,50,25,25,35
/en-us/blog/blog-post-10/,50,25,50,25,25,35
/en-us/blog/blog-post-187/,50,25,50,25,25,35
/en-us/blog/blog-post-193/,50,25,50,25,25,35
/en-us/blog/blog-post-192/,50,25,50,25,25,35
/en-us/blog/blog-post-186/,50,25,50,25,25,35
/en-us/blog/blog-post-11/,50,25,50,25,25,35
/en-us/blog/blog-post-179/,50,25,50,25,25,35
/en-us/blog/blog-post-151/,50,25,50,25,25,35
/en-us/blog/blog-post-39/,50,25,50,25,25,35
/en-us/blog/blog-post-145/,50,25,50,25,25,35
/en-us/blog/blog-post-390/,50,25,50,25,25,35
/en-us/blog/blog-post-384/,50,25,50,25,25,35
/en-us/blog/blog-post-409/,50,25,50,25,25,35
/en-us/blog/blog-post-435/,50,25,50,25,25,35
/en-us/blog/blog-post-353/,50,25,50,25,25,35
/en-us/blog/blog-post-347/,50,25,50,25,25,35
/en-us/blog/blog-post-421/,50,25,50,25,25,35
/en-us/blog/blog-post-227/,50,25,50,25,25,35
/en-us/blog/blog-post-233/,50,25,50,25,25,35
/en-us/blog/blog-post-225/,50,25,50,25,25,35
/en-us/blog/blog-post-231/,50,25,50,25,25,35
/en-us/blog/blog-post-219/,50,25,50,25,25,35
/en-us/blog/blog-post-351/,50,25,50,25,25,35
/en-us/blog/blog-post-437/,50,25,50,25,25,35
/en-us/blog/blog-post-423/,50,25,50,25,25,35
/en-us/blog/blog-post-345/,50,25,50,25,25,35
/en-us/blog/blog-post-379/,50,25,50,25,25,35
/en-us/blog/blog-post-392/,50,25,50,25,25,35
/en-us/blog/blog-post-386/,50,25,50,25,25,35
/en-us/blog/blog-post-153/,50,25,50,25,25,35
/en-us/blog/blog-post-147/,50,25,50,25,25,35
/en-us/blog/blog-post-13/,50,25,50,25,25,35
/en-us/blog/blog-post-190/,50,25,50,25,25,35
/en-us/blog/blog-post-184/,50,25,50,25,25,35
/en-us/blog/blog-post-185/,50,25,50,25,25,35
/en-us/blog/blog-post-191/,50,25,50,25,25,35
/en-us/blog/blog-post-12/,50,25,50,25,25,35
/en-us/blog/blog-post-146/,50,25,50,25,25,35
/en-us/blog/blog-post-152/,50,25,50,25,25,35
/en-us/blog/blog-post-387/,50,25,50,25,25,35
/en-us/blog/blog-post-393/,50,25,50,25,25,35
/en-us/blog/blog-post-378/,50,25,50,25,25,35
/en-us/blog/blog-post-422/,50,25,50,25,25,35
/en-us/blog/blog-post-344/,50,25,50,25,25,35
/en-us/blog/blog-post-350/,50,25,50,25,25,35
/en-us/blog/blog-post-436/,50,25,50,25,25,35
/en-us/blog/blog-post-218/,50,25,50,25,25,35
/en-us/blog/blog-post-230/,50,25,50,25,25,35
/en-us/blog/blog-post-224/,50,25,50,25,25,35
/en-us/blog/blog-post-243/,50,25,50,25,25,35
/en-us/blog/blog-post-257/,50,25,50,25,25,35
/en-us/blog/blog-post-280/,50,25,50,25,25,35
/en-us/blog/blog-post-294/,50,25,50,25,25,35
/en-us/blog/blog-post-479/,50,25,50,25,25,35
/en-us/blog/blog-post-337/,50,25,50,25,25,35
/en-us/blog/blog-post-451/,50,25,50,25,25,35
/en-us/blog/blog-post-445/,50,25,50,25,25,35
/en-us/blog/blog-post-323/,50,25,50,25,25,35
/en-us/blog/blog-post-492/,50,25,50,25,25,35
/en-us/blog/blog-post-486/,50,25,50,25,25,35
/en-us/blog/blog-post-75/,50,25,50,25,25,35
/en-us/blog/blog-post-109/,50,25,50,25,25,35
/en-us/blog/blog-post-61/,50,25,50,25,25,35
/en-us/blog/blog-post-49/,50,25,50,25,25,35
/en-us/blog/blog-post-135/,50,25,50,25,25,35
/en-us/blog/blog-post-121/,50,25,50,25,25,35
/en-us/blog/blog-post-120/,50,25,50,25,25,35
/en-us/blog/blog-post-48/,50,25,50,25,25,35
/en-us/blog/blog-post-134/,50,25,50,25,25,35
/en-us/blog/blog-post-60/,50,25,50,25,25,35
/en-us/blog/blog-post-74/,50,25,50,25,25,35
/en-us/blog/blog-post-108/,50,25,50,25,25,35
/en-us/blog/blog-post-487/,50,25,50,25,25,35
/en-us/blog/blog-post-493/,50,25,50,25,25,35
/en-us/blog/blog-post-444/,50,25,50,25,25,35
/en-us/blog/blog-post-322/,50,25,50,25,25,35
/en-us/blog/blog-post-336/,50,25,50,25,25,35
/en-us/blog/blog-post-450/,50,25,50,25,25,35
/en-us/blog/blog-post-478/,50,25,50,25,25,35
/en-us/blog/blog-post-295/,50,25,50,25,25,35
/en-us/blog/blog-post-281/,50,25,50,25,25,35
/en-us/blog/blog-post-256/,50,25,50,25,25,35
/en-us/blog/blog-post-242/,50,25,50,25,25,35
/en-us/blog/blog-post-1/,50,25,50,25,25,35
/en-us/blog/blog-post-3/,50,25,50,25,25,35
/en-us/blog/blog-post-268/,50,25,50,25,25,35
/en-us/blog/blog-post-254/,50,25,50,25,25,35
/en-us/blog/blog-post-240/,50,25,50,25,25,35
/en-us/blog/blog-post-297/,50,25,50,25,25,35
/en-us/blog/blog-post-283/,50,25,50,25,25,35
/en-us/blog/blog-post-308/,50,25,50,25,25,35
/en-us/blog/blog-post-320/,50,25,50,25,25,35
/en-us/blog/blog-post-446/,50,25,50,25,25,35
/en-us/blog/blog-post-452/,50,25,50,25,25,35
/en-us/blog/blog-post-334/,50,25,50,25,25,35
/en-us/blog/blog-post-485/,50,25,50,25,25,35
/en-us/blog/blog-post-491/,50,25,50,25,25,35
/en-us/blog/blog-post-62/,50,25,50,25,25,35
/en-us/blog/blog-post-76/,50,25,50,25,25,35
/en-us/blog/blog-post-122/,50,25,50,25,25,35
/en-us/blog/blog-post-136/,50,25,50,25,25,35
/en-us/blog/blog-post-89/,50,25,50,25,25,35
/en-us/blog/blog-post-88/,50,25,50,25,25,35
/en-us/blog/blog-post-137/,50,25,50,25,25,35
/en-us/blog/blog-post-123/,50,25,50,25,25,35
/en-us/blog/blog-post-77/,50,25,50,25,25,35
/en-us/blog/blog-post-63/,50,25,50,25,25,35
/en-us/blog/blog-post-490/,50,25,50,25,25,35
/en-us/blog/blog-post-484/,50,25,50,25,25,35
/en-us/blog/blog-post-453/,50,25,50,25,25,35
/en-us/blog/blog-post-335/,50,25,50,25,25,35
/en-us/blog/blog-post-321/,50,25,50,25,25,35
/en-us/blog/blog-post-447/,50,25,50,25,25,35
/en-us/blog/blog-post-309/,50,25,50,25,25,35
/en-us/blog/blog-post-282/,50,25,50,25,25,35
/en-us/blog/blog-post-296/,50,25,50,25,25,35
/en-us/blog/blog-post-241/,50,25,50,25,25,35
/en-us/blog/blog-post-255/,50,25,50,25,25,35
/en-us/blog/blog-post-269/,50,25,50,25,25,35
/en-us/blog/blog-post-2/,50,25,50,25,25,35
/en-us/blog/blog-post-6/,50,25,50,25,25,35
/en-us/blog/blog-post-251/,50,25,50,25,25,35
/en-us/blog/blog-post-245/,50,25,50,25,25,35
/en-us/blog/blog-post-279/,50,25,50,25,25,35
/en-us/blog/blog-post-292/,50,25,50,25,25,35
/en-us/blog/blog-post-286/,50,25,50,25,25,35
/en-us/blog/blog-post-443/,50,25,50,25,25,35
/en-us/blog/blog-post-325/,50,25,50,25,25,35
/en-us/blog/blog-post-331/,50,25,50,25,25,35
/en-us/blog/blog-post-457/,50,25,50,25,25,35
/en-us/blog/blog-post-319/,50,25,50,25,25,35
/en-us/blog/blog-post-480/,50,25,50,25,25,35
/en-us/blog/blog-post-494/,50,25,50,25,25,35
/en-us/blog/blog-post-127/,50,25,50,25,25,35
/en-us/blog/blog-post-133/,50,25,50,25,25,35
/en-us/blog/blog-post-67/,50,25,50,25,25,35
/en-us/blog/blog-post-73/,50,25,50,25,25,35
/en-us/blog/blog-post-98/,50,25,50,25,25,35
/en-us/blog/blog-post-99/,50,25,50,25,25,35
/en-us/blog/blog-post-72/,50,25,50,25,25,35
/en-us/blog/blog-post-66/,50,25,50,25,25,35
/en-us/blog/blog-post-132/,50,25,50,25,25,35
/en-us/blog/blog-post-126/,50,25,50,25,25,35
/en-us/blog/blog-post-495/,50,25,50,25,25,35
/en-us/blog/blog-post-481/,50,25,50,25,25,35
/en-us/blog/blog-post-318/,50,25,50,25,25,35
/en-us/blog/blog-post-330/,50,25,50,25,25,35
/en-us/blog/blog-post-456/,50,25,50,25,25,35
/en-us/blog/blog-post-442/,50,25,50,25,25,35
/en-us/blog/blog-post-324/,50,25,50,25,25,35
/en-us/blog/blog-post-287/,50,25,50,25,25,35
/en-us/blog/blog-post-293/,50,25,50,25,25,35
/en-us/blog/blog-post-278/,50,25,50,25,25,35
/en-us/blog/blog-post-244/,50,25,50,25,25,35
/en-us/blog/blog-post-250/,50,25,50,25,25,35
/en-us/blog/blog-post-7/,50,25,50,25,25,35
/en-us/blog/blog-post-5/,50,25,50,25,25,35
/en-us/blog/blog-post-246/,50,25,50,25,25,35
/en-us/blog/blog-post-252/,50,25,50,25,25,35
/en-us/blog/blog-post-285/,50,25,50,25,25,35
/en-us/blog/blog-post-291/,50,25,50,25,25,35
/en-us/blog/blog-post-454/,50,25,50,25,25,35
/en-us/blog/blog-post-332/,50,25,50,25,25,35
/en-us/blog/blog-post-326/,50,25,50,25,25,35
/en-us/blog/blog-post-440/,50,25,50,25,25,35
/en-us/blog/blog-post-468/,50,25,50,25,25,35
/en-us/blog/blog-post-497/,50,25,50,25,25,35
/en-us/blog/blog-post-483/,50,25,50,25,25,35
/en-us/blog/blog-post-130/,50,25,50,25,25,35
/en-us/blog/blog-post-58/,50,25,50,25,25,35
/en-us/blog/blog-post-124/,50,25,50,25,25,35
/en-us/blog/blog-post-70/,50,25,50,25,25,35
/en-us/blog/blog-post-64/,50,25,50,25,25,35
/en-us/blog/blog-post-118/,50,25,50,25,25,35
/en-us/blog/blog-post-65/,50,25,50,25,25,35
/en-us/blog/blog-post-119/,50,25,50,25,25,35
/en-us/blog/blog-post-71/,50,25,50,25,25,35
/en-us/blog/blog-post-59/,50,25,50,25,25,35
/en-us/blog/blog-post-125/,50,25,50,25,25,35
/en-us/blog/blog-post-131/,50,25,50,25,25,35
/en-us/blog/blog-post-482/,50,25,50,25,25,35
/en-us/blog/blog-post-496/,50,25,50,25,25,35
/en-us/blog/blog-post-469/,50,25,50,25,25,35
/en-us/blog/blog-post-327/,50,25,50,25,25,35
/en-us/blog/blog-post-441/,50,25,50,25,25,35
/en-us/blog/blog-post-455/,50,25,50,25,25,35
/en-us/blog/blog-post-333/,50,25,50,25,25,35
/en-us/blog/blog-post-290/,50,25,50,25,25,35
/en-us/blog/blog-post-284/,50,25,50,25,25,35
/en-us/blog/blog-post-253/,50,25,50,25,25,35
/en-us/blog/blog-post-247/,50,25,50,25,25,35
/en-us/blog/blog-post-4/,50,25,50,25,25,35
/en-us/case-studies/case-study-136/,50,25,25,25,50,35
/en-us/case-studies/case-study-122/,50,25,25,25,50,35
/en-us/case-studies/case-study-2/,50,25,25,25,50,35
/en-us/case-studies/case-study-13/,50,25,25,25,50,35
/en-us/case-studies/case-study-12/,50,25,25,25,50,35
/en-us/case-studies/case-study-3/,50,25,25,25,50,35
/en-us/case-studies/case-study-123/,50,25,25,25,50,35
/en-us/case-studies/case-study-137/,50,25,25,25,50,35
/en-us/case-studies/case-study-109/,50,25,25,25,50,35
/en-us/case-studies/case-study-121/,50,25,25,25,50,35
/en-us/case-studies/case-study-135/,50,25,25,25,50,35
/en-us/case-studies/case-study-1/,50,25,25,25,50,35
/en-us/case-studies/case-study-38/,50,25,25,25,50,35
/en-us/case-studies/case-study-10/,50,25,25,25,50,35
/en-us/case-studies/case-study-11/,50,25,25,25,50,35
/en-us/case-studies/case-study-39/,50,25,25,25,50,35
/en-us/case-studies/case-study-134/,50,25,25,25,50,35
/en-us/case-studies/case-study-120/,50,25,25,25,50,35
/en-us/case-studies/case-study-108/,50,25,25,25,50,35
/en-us/case-studies/case-study-124/,50,25,25,25,50,35
/en-us/case-studies/case-study-130/,50,25,25,25,50,35
/en-us/case-studies/case-study-118/,50,25,25,25,50,35
/en-us/case-studies/case-study-4/,50,25,25,25,50,35
/en-us/case-studies/case-study-15/,50,25,25,25,50,35
/en-us/case-studies/case-study-29/,50,25,25,25,50,35
/en-us/case-studies/case-study-28/,50,25,25,25,50,35
/en-us/case-studies/case-study-14/,50,25,25,25,50,35
/en-us/case-studies/case-study-5/,50,25,25,25,50,35
/en-us/case-studies/case-study-119/,50,25,25,25,50,35
/en-us/case-studies/case-study-131/,50,25,25,25,50,35
/en-us/case-studies/case-study-125/,50,25,25,25,50,35
/en-us/case-studies/case-study-133/,50,25,25,25,50,35
/en-us/case-studies/case-study-127/,50,25,25,25,50,35
/en-us/case-studies/case-study-7/,50,25,25,25,50,35
/en-us/case-studies/case-study-16/,50,25,25,25,50,35
/en-us/case-studies/case-study-17/,50,25,25,25,50,35
/en-us/case-studies/case-study-6/,50,25,25,25,50,35
/en-us/case-studies/case-study-126/,50,25,25,25,50,35
/en-us/case-studies/case-study-132/,50,25,25,25,50,35
/en-us/case-studies/case-study-169/,50,25,25,25,50,35
/en-us/case-studies/case-study-155/,50,25,25,25,50,35
/en-us/case-studies/case-study-141/,50,25,25,25,50,35
/en-us/case-studies/case-study-196/,50,25,25,25,50,35
/en-us/case-studies/case-study-182/,50,25,25,25,50,35
/en-us/case-studies/case-study-58/,50,25,25,25,50,35
/en-us/case-studies/case-study-70/,50,25,25,25,50,35
/en-us/case-studies/case-study-64/,50,25,25,25,50,35
/en-us/case-studies/case-study-65/,50,25,25,25,50,35
/en-us/case-studies/case-study-71/,50,25,25,25,50,35
/en-us/case-studies/case-study-59/,50,25,25,25,50,35
/en-us/case-studies/case-study-183/,50,25,25,25,50,35
/en-us/case-studies/case-study-197/,50,25,25,25,50,35
/en-us/case-studies/case-study-140/,50,25,25,25,50,35
/en-us/case-studies/case-study-154/,50,25,25,25,50,35
/en-us/case-studies/case-study-168/,50,25,25,25,50,35
/en-us/case-studies/case-study-142/,50,25,25,25,50,35
/en-us/case-studies/case-study-156/,50,25,25,25,50,35
/en-us/case-studies/case-study-181/,50,25,25,25,50,35
/en-us/case-studies/case-study-195/,50,25,25,25,50,35
/en-us/case-studies/case-study-98/,50,25,25,25,50,35
/en-us/case-studies/case-study-67/,50,25,25,25,50,35
/en-us/case-studies/case-study-73/,50,25,25,25,50,35
/en-us/case-studies/case-study-72/,50,25,25,25,50,35
/en-us/case-studies/case-study-66/,50,25,25,25,50,35
/en-us/case-studies/case-study-99/,50,25,25,25,50,35
/en-us/case-studies/case-study-194/,50,25,25,25,50,35
/en-us/case-studies/case-study-180/,50,25,25,25,50,35
/en-us/case-studies/case-study-157/,50,25,25,25,50,35
/en-us/case-studies/case-study-143/,50,25,25,25,50,35
/en-us/case-studies/case-study-147/,50,25,25,25,50,35
/en-us/case-studies/case-study-153/,50,25,25,25,50,35
/en-us/case-studies/case-study-184/,50,25,25,25,50,35
/en-us/case-studies/case-study-190/,50,25,25,25,50,35
/en-us/case-studies/case-study-89/,50,25,25,25,50,35
/en-us/case-studies/case-study-62/,50,25,25,25,50,35
/en-us/case-studies/case-study-76/,50,25,25,25,50,35
/en-us/case-studies/case-study-77/,50,25,25,25,50,35
/en-us/case-studies/case-study-63/,50,25,25,25,50,35
/en-us/case-studies/case-study-88/,50,25,25,25,50,35
/en-us/case-studies/case-study-191/,50,25,25,25,50,35
/en-us/case-studies/case-study-185/,50,25,25,25,50,35
/en-us/case-studies/case-study-152/,50,25,25,25,50,35
/en-us/case-studies/case-study-146/,50,25,25,25,50,35
/en-us/case-studies/case-study-150/,50,25,25,25,50,35
/en-us/case-studies/case-study-144/,50,25,25,25,50,35
/en-us/case-studies/case-study-178/,50,25,25,25,50,35
/en-us/case-studies/case-study-193/,50,25,25,25,50,35
/en-us/case-studies/case-study-187/,50,25,25,25,50,35
/en-us/case-studies/case-study-75/,50,25,25,25,50,35
/en-us/case-studies/case-study-61/,50,25,25,25,50,35
/en-us/case-studies/case-study-49/,50,25,25,25,50,35
/en-us/case-studies/case-study-48/,50,25,25,25,50,35
/en-us/case-studies/case-study-60/,50,25,25,25,50,35
/en-us/case-studies/case-study-74/,50,25,25,25,50,35
/en-us/case-studies/case-study-186/,50,25,25,25,50,35
/en-us/case-studies/case-study-192/,50,25,25,25,50,35
/en-us/case-studies/case-study-179/,50,25,25,25,50,35
/en-us/case-studies/case-study-145/,50,25,25,25,50,35
/en-us/case-studies/case-study-151/,50,25,25,25,50,35
/en-us/case-studies/case-study-148/,50,25,25,25,50,35
/en-us/case-studies/case-study-174/,50,25,25,25,50,35
/en-us/case-studies/case-study-160/,50,25,25,25,50,35
/en-us/case-studies/case-study-92/,50,25,25,25,50,35
/en-us/case-studies/case-study-86/,50,25,25,25,50,35
/en-us/case-studies/case-study-79/,50,25,25,25,50,35
/en-us/case-studies/case-study-51/,50,25,25,25,50,35
/en-us/case-studies/case-study-45/,50,25,25,25,50,35
/en-us/case-studies/case-study-44/,50,25,25,25,50,35
/en-us/case-studies/case-study-50/,50,25,25,25,50,35
/en-us/case-studies/case-study-78/,50,25,25,25,50,35
/en-us/case-studies/case-study-87/,50,25,25,25,50,35
/en-us/case-studies/case-study-93/,50,25,25,25,50,35
/en-us/case-studies/case-study-161/,50,25,25,25,50,35
/en-us/case-studies/case-study-175/,50,25,25,25,50,35
/en-us/case-studies/case-study-149/,50,25,25,25,50,35
/en-us/case-studies/case-study-163/,50,25,25,25,50,35
/en-us/case-studies/case-study-177/,50,25,25,25,50,35
/en-us/case-studies/case-study-188/,50,25,25,25,50,35
/en-us/case-studies/case-study-85/,50,25,25,25,50,35
/en-us/case-studies/case-study-91/,50,25,25,25,50,35
/en-us/case-studies/case-study-46/,50,25,25,25,50,35
/en-us/case-studies/case-study-52/,50,25,25,25,50,35
/en-us/case-studies/case-study-53/,50,25,25,25,50,35
/en-us/case-studies/case-study-47/,50,25,25,25,50,35
/en-us/case-studies/case-study-90/,50,25,25,25,50,35
/en-us/case-studies/case-study-84/,50,25,25,25,50,35
/en-us/case-studies/case-study-200/,50,25,25,25,50,35
/en-us/case-studies/case-study-189/,50,25,25,25,50,35
/en-us/case-studies/case-study-176/,50,25,25,25,50,35
/en-us/case-studies/case-study-162/,50,25,25,25,50,35
/en-us/case-studies/case-study-166/,50,25,25,25,50,35
/en-us/case-studies/case-study-172/,50,25,25,25,50,35
/en-us/case-studies/case-study-199/,50,25,25,25,50,35
/en-us/case-studies/case-study-80/,50,25,25,25,50,35
/en-us/case-studies/case-study-94/,50,25,25,25,50,35
/en-us/case-studies/case-study-43/,50,25,25,25,50,35
/en-us/case-studies/case-study-57/,50,25,25,25,50,35
/en-us/case-studies/case-study-56/,50,25,25,25,50,35
/en-us/case-studies/case-study-42/,50,25,25,25,50,35
/en-us/case-studies/case-study-95/,50,25,25,25,50,35
/en-us/case-studies/case-study-81/,50,25,25,25,50,35
/en-us/case-studies/case-study-198/,50,25,25,25,50,35
/en-us/case-studies/case-study-173/,50,25,25,25,50,35
/en-us/case-studies/case-study-167/,50,25,25,25,50,35
/en-us/case-studies/case-study-171/,50,25,25,25,50,35
/en-us/case-studies/case-study-165/,50,25,25,25,50,35
/en-us/case-studies/case-study-159/,50,25,25,25,50,35
/en-us/case-studies/case-study-97/,50,25,25,25,50,35
/en-us/case-studies/case-study-83/,50,25,25,25,50,35
/en-us/case-studies/case-study-54/,50,25,25,25,50,35
/en-us/case-studies/case-study-40/,50,25,25,25,50,35
/en-us/case-studies/case-study-68/,50,25,25,25,50,35
/en-us/case-studies/case-study-69/,50,25,25,25,50,35
/en-us/case-studies/case-study-41/,50,25,25,25,50,35
/en-us/case-studies/case-study-55/,50,25,25,25,50,35
/en-us/case-studies/case-study-82/,50,25,25,25,50,35
/en-us/case-studies/case-study-96/,50,25,25,25,50,35
/en-us/case-studies/case-study-158/,50,25,25,25,50,35
/en-us/case-studies/case-study-164/,50,25,25,25,50,35
/en-us/case-studies/case-study-170/,50,25,25,25,50,35
/en-us/case-studies/case-study-117/,50,25,25,25,50,35
/en-us/case-studies/case-study-103/,50,25,25,25,50,35
/en-us/case-studies/case-study-32/,50,25,25,25,50,35
/en-us/case-studies/case-study-26/,50,25,25,25,50,35
/en-us/case-studies/case-study-27/,50,25,25,25,50,35
/en-us/case-studies/case-study-33/,50,25,25,25,50,35
/en-us/case-studies/case-study-102/,50,25,25,25,50,35
/en-us/case-studies/case-study-116/,50,25,25,25,50,35
/en-us/case-studies/case-study-128/,50,25,25,25,50,35
/en-us/case-studies/case-study-100/,50,25,25,25,50,35
/en-us/case-studies/case-study-114/,50,25,25,25,50,35
/en-us/case-studies/case-study-8/,50,25,25,25,50,35
/en-us/case-studies/case-study-19/,50,25,25,25,50,35
/en-us/case-studies/case-study-25/,50,25,25,25,50,35
/en-us/case-studies/case-study-31/,50,25,25,25,50,35
/en-us/case-studies/case-study-30/,50,25,25,25,50,35
/en-us/case-studies/case-study-24/,50,25,25,25,50,35
/en-us/case-studies/case-study-18/,50,25,25,25,50,35
/en-us/case-studies/case-study-9/,50,25,25,25,50,35
/en-us/case-studies/case-study-115/,50,25,25,25,50,35
/en-us/case-studies/case-study-101/,50,25,25,25,50,35
/en-us/case-studies/case-study-129/,50,25,25,25,50,35
/en-us/case-studies/case-study-105/,50,25,25,25,50,35
/en-us/case-studies/case-study-111/,50,25,25,25,50,35
/en-us/case-studies/case-study-139/,50,25,25,25,50,35
/en-us/case-studies/case-study-20/,50,25,25,25,50,35
/en-us/case-studies/case-study-34/,50,25,25,25,50,35
/en-us/case-studies/case-study-35/,50,25,25,25,50,35
/en-us/case-studies/case-study-21/,50,25,25,25,50,35
/en-us/case-studies/case-study-138/,50,25,25,25,50,35
/en-us/case-studies/case-study-110/,50,25,25,25,50,35
/en-us/case-studies/case-study-104/,50,25,25,25,50,35
/en-us/case-studies/case-study-112/,50,25,25,25,50,35
/en-us/case-studies/case-study-106/,50,25,25,25,50,35
/en-us/case-studies/case-study-37/,50,25,25,25,50,35
/en-us/case-studies/case-study-23/,50,25,25,25,50,35
/en-us/case-studies/case-study-22/,50,25,25,25,50,35
/en-us/case-studies/case-study-36/,50,25,25,25,50,35
/en-us/case-studies/case-study-107/,50,25,25,25,50,35
/en-us/case-studies/case-study-113/,50,25,25,25,50,35
/en-us/videos/watch/,50,50,50,0,25,35
/en-us/glossary/extractability/,50,25,75,0,25,35
/en-us/glossary/inference-context-stability/,50,25,75,0,25,35
/en-us/glossary/decision-traces/,50,25,75,0,25,35
/en-us/services/ai-search-optimization/san-jose/,50,50,25,0,50,35
/en-us/services/ai-search-optimization/miami/,50,50,25,0,50,35
/en-us/why-ai-search-does-not-cite-your-business/,50,25,75,0,25,35
/en-us/insights/yago-entity-mapping/,25,25,50,0,50,30
/en-us/insights/semantic-seo-in-news/,0,50,50,0,50,30
/en-us/insights/geo16-implications/,0,50,50,0,50,30
/en-us/insights/llm-ontology-generation/,0,50,50,0,50,30
/en-us/insights/geo16-conclusion/,0,50,50,0,50,30
/en-us/tools/json-ld-validator/,50,25,25,25,25,30
/en-us/tools/google-ai-overviews/,50,25,25,25,25,30
/en-us/tools/screaming-frog/,50,25,25,25,25,30
/en-us/tools/sitebulb/,50,25,25,25,25,30
/en-us/tools/brightedge/,50,25,25,25,25,30
/en-us/tools/moz/,50,25,25,25,25,30
/en-us/tools/semrush/,50,25,25,25,25,30
/en-us/tools/copilot/,50,25,25,25,25,30
/en-us/tools/seer-interactive/,50,25,25,25,25,30
/en-us/tools/claude/,50,25,25,25,25,30
/en-us/tools/perplexity/,50,25,25,25,25,30
/en-us/tools/bard/,50,25,25,25,25,30
/en-us/tools/structured-data-testing/,50,25,25,25,25,30
/en-us/tools/chatgpt/,50,25,25,25,25,30
/en-us/tools/schema-generator/,50,25,25,25,25,30
/en-us/resources/resource-678/,50,25,25,25,25,30
/en-us/resources/resource-888/,50,25,25,25,25,30
/en-us/resources/resource-650/,50,25,25,25,25,30
/en-us/resources/resource-136/,50,25,25,25,25,30
/en-us/resources/resource-122/,50,25,25,25,25,30
/en-us/resources/resource-644/,50,25,25,25,25,30
/en-us/resources/resource-877/,50,25,25,25,25,30
/en-us/resources/resource-863/,50,25,25,25,25,30
/en-us/resources/resource-693/,50,25,25,25,25,30
/en-us/resources/resource-687/,50,25,25,25,25,30
/en-us/resources/resource-308/,50,25,25,25,25,30
/en-us/resources/resource-334/,50,25,25,25,25,30
/en-us/resources/resource-452/,50,25,25,25,25,30
/en-us/resources/resource-84/,50,25,25,25,25,30
/en-us/resources/resource-90/,50,25,25,25,25,30
/en-us/resources/resource-446/,50,25,25,25,25,30
/en-us/resources/resource-320/,50,25,25,25,25,30
/en-us/resources/resource-491/,50,25,25,25,25,30
/en-us/resources/resource-47/,50,25,25,25,25,30
/en-us/resources/resource-53/,50,25,25,25,25,30
/en-us/resources/resource-485/,50,25,25,25,25,30
/en-us/resources/resource-268/,50,25,25,25,25,30
/en-us/resources/resource-240/,50,25,25,25,25,30
/en-us/resources/resource-526/,50,25,25,25,25,30
/en-us/resources/resource-532/,50,25,25,25,25,30
/en-us/resources/resource-254/,50,25,25,25,25,30
/en-us/resources/resource-283/,50,25,25,25,25,30
/en-us/resources/resource-297/,50,25,25,25,25,30
/en-us/resources/resource-718/,50,25,25,25,25,30
/en-us/resources/resource-724/,50,25,25,25,25,30
/en-us/resources/resource-730/,50,25,25,25,25,30
/en-us/resources/resource-903/,50,25,25,25,25,30
/en-us/resources/resource-917/,50,25,25,25,25,30
/en-us/resources/resource-916/,50,25,25,25,25,30
/en-us/resources/resource-902/,50,25,25,25,25,30
/en-us/resources/resource-731/,50,25,25,25,25,30
/en-us/resources/resource-725/,50,25,25,25,25,30
/en-us/resources/resource-719/,50,25,25,25,25,30
/en-us/resources/resource-296/,50,25,25,25,25,30
/en-us/resources/resource-282/,50,25,25,25,25,30
/en-us/resources/resource-533/,50,25,25,25,25,30
/en-us/resources/resource-255/,50,25,25,25,25,30
/en-us/resources/resource-241/,50,25,25,25,25,30
/en-us/resources/resource-527/,50,25,25,25,25,30
/en-us/resources/resource-269/,50,25,25,25,25,30
/en-us/resources/resource-484/,50,25,25,25,25,30
/en-us/resources/resource-52/,50,25,25,25,25,30
/en-us/resources/resource-46/,50,25,25,25,25,30
/en-us/resources/resource-490/,50,25,25,25,25,30
/en-us/resources/resource-447/,50,25,25,25,25,30
/en-us/resources/resource-91/,50,25,25,25,25,30
/en-us/resources/resource-321/,50,25,25,25,25,30
/en-us/resources/resource-335/,50,25,25,25,25,30
/en-us/resources/resource-85/,50,25,25,25,25,30
/en-us/resources/resource-453/,50,25,25,25,25,30
/en-us/resources/resource-309/,50,25,25,25,25,30
/en-us/resources/resource-686/,50,25,25,25,25,30
/en-us/resources/resource-692/,50,25,25,25,25,30
/en-us/resources/resource-862/,50,25,25,25,25,30
/en-us/resources/resource-876/,50,25,25,25,25,30
/en-us/resources/resource-123/,50,25,25,25,25,30
/en-us/resources/resource-645/,50,25,25,25,25,30
/en-us/resources/resource-651/,50,25,25,25,25,30
/en-us/resources/resource-889/,50,25,25,25,25,30
/en-us/resources/resource-137/,50,25,25,25,25,30
/en-us/resources/resource-679/,50,25,25,25,25,30
/en-us/resources/resource-109/,50,25,25,25,25,30
/en-us/resources/resource-647/,50,25,25,25,25,30
/en-us/resources/resource-121/,50,25,25,25,25,30
/en-us/resources/resource-135/,50,25,25,25,25,30
/en-us/resources/resource-653/,50,25,25,25,25,30
/en-us/resources/resource-860/,50,25,25,25,25,30
/en-us/resources/resource-874/,50,25,25,25,25,30
/en-us/resources/resource-684/,50,25,25,25,25,30
/en-us/resources/resource-690/,50,25,25,25,25,30
/en-us/resources/resource-848/,50,25,25,25,25,30
/en-us/resources/resource-479/,50,25,25,25,25,30
/en-us/resources/resource-323/,50,25,25,25,25,30
/en-us/resources/resource-93/,50,25,25,25,25,30
/en-us/resources/resource-445/,50,25,25,25,25,30
/en-us/resources/resource-451/,50,25,25,25,25,30
/en-us/resources/resource-87/,50,25,25,25,25,30
/en-us/resources/resource-9/,50,25,25,25,25,30
/en-us/resources/resource-337/,50,25,25,25,25,30
/en-us/resources/resource-78/,50,25,25,25,25,30
/en-us/resources/resource-50/,50,25,25,25,25,30
/en-us/resources/resource-486/,50,25,25,25,25,30
/en-us/resources/resource-492/,50,25,25,25,25,30
/en-us/resources/resource-44/,50,25,25,25,25,30
/en-us/resources/resource-519/,50,25,25,25,25,30
/en-us/resources/resource-257/,50,25,25,25,25,30
/en-us/resources/resource-531/,50,25,25,25,25,30
/en-us/resources/resource-525/,50,25,25,25,25,30
/en-us/resources/resource-243/,50,25,25,25,25,30
/en-us/resources/resource-294/,50,25,25,25,25,30
/en-us/resources/resource-280/,50,25,25,25,25,30
/en-us/resources/resource-733/,50,25,25,25,25,30
/en-us/resources/resource-727/,50,25,25,25,25,30
/en-us/resources/resource-914/,50,25,25,25,25,30
/en-us/resources/resource-900/,50,25,25,25,25,30
/en-us/resources/resource-928/,50,25,25,25,25,30
/en-us/resources/resource-929/,50,25,25,25,25,30
/en-us/resources/resource-901/,50,25,25,25,25,30
/en-us/resources/resource-915/,50,25,25,25,25,30
/en-us/resources/resource-726/,50,25,25,25,25,30
/en-us/resources/resource-732/,50,25,25,25,25,30
/en-us/resources/resource-281/,50,25,25,25,25,30
/en-us/resources/resource-295/,50,25,25,25,25,30
/en-us/resources/resource-524/,50,25,25,25,25,30
/en-us/resources/resource-242/,50,25,25,25,25,30
/en-us/resources/resource-256/,50,25,25,25,25,30
/en-us/resources/resource-530/,50,25,25,25,25,30
/en-us/resources/resource-518/,50,25,25,25,25,30
/en-us/resources/resource-45/,50,25,25,25,25,30
/en-us/resources/resource-493/,50,25,25,25,25,30
/en-us/resources/resource-487/,50,25,25,25,25,30
/en-us/resources/resource-51/,50,25,25,25,25,30
/en-us/resources/resource-79/,50,25,25,25,25,30
/en-us/resources/resource-8/,50,25,25,25,25,30
/en-us/resources/resource-86/,50,25,25,25,25,30
/en-us/resources/resource-450/,50,25,25,25,25,30
/en-us/resources/resource-336/,50,25,25,25,25,30
/en-us/resources/resource-322/,50,25,25,25,25,30
/en-us/resources/resource-444/,50,25,25,25,25,30
/en-us/resources/resource-92/,50,25,25,25,25,30
/en-us/resources/resource-478/,50,25,25,25,25,30
/en-us/resources/resource-849/,50,25,25,25,25,30
/en-us/resources/resource-691/,50,25,25,25,25,30
/en-us/resources/resource-685/,50,25,25,25,25,30
/en-us/resources/resource-875/,50,25,25,25,25,30
/en-us/resources/resource-861/,50,25,25,25,25,30
/en-us/resources/resource-134/,50,25,25,25,25,30
/en-us/resources/resource-652/,50,25,25,25,25,30
/en-us/resources/resource-646/,50,25,25,25,25,30
/en-us/resources/resource-120/,50,25,25,25,25,30
/en-us/resources/resource-108/,50,25,25,25,25,30
/en-us/resources/resource-124/,50,25,25,25,25,30
/en-us/resources/resource-642/,50,25,25,25,25,30
/en-us/resources/resource-656/,50,25,25,25,25,30
/en-us/resources/resource-130/,50,25,25,25,25,30
/en-us/resources/resource-118/,50,25,25,25,25,30
/en-us/resources/resource-681/,50,25,25,25,25,30
/en-us/resources/resource-859/,50,25,25,25,25,30
/en-us/resources/resource-695/,50,25,25,25,25,30
/en-us/resources/resource-865/,50,25,25,25,25,30
/en-us/resources/resource-871/,50,25,25,25,25,30
/en-us/resources/resource-96/,50,25,25,25,25,30
/en-us/resources/resource-440/,50,25,25,25,25,30
/en-us/resources/resource-326/,50,25,25,25,25,30
/en-us/resources/resource-332/,50,25,25,25,25,30
/en-us/resources/resource-454/,50,25,25,25,25,30
/en-us/resources/resource-82/,50,25,25,25,25,30
/en-us/resources/resource-468/,50,25,25,25,25,30
/en-us/resources/resource-55/,50,25,25,25,25,30
/en-us/resources/resource-483/,50,25,25,25,25,30
/en-us/resources/resource-497/,50,25,25,25,25,30
/en-us/resources/resource-41/,50,25,25,25,25,30
/en-us/resources/resource-69/,50,25,25,25,25,30
/en-us/resources/resource-534/,50,25,25,25,25,30
/en-us/resources/resource-252/,50,25,25,25,25,30
/en-us/resources/resource-246/,50,25,25,25,25,30
/en-us/resources/resource-520/,50,25,25,25,25,30
/en-us/resources/resource-508/,50,25,25,25,25,30
/en-us/resources/resource-291/,50,25,25,25,25,30
/en-us/resources/resource-285/,50,25,25,25,25,30
/en-us/resources/resource-736/,50,25,25,25,25,30
/en-us/resources/resource-722/,50,25,25,25,25,30
/en-us/resources/resource-939/,50,25,25,25,25,30
/en-us/resources/resource-911/,50,25,25,25,25,30
/en-us/resources/resource-905/,50,25,25,25,25,30
/en-us/resources/resource-904/,50,25,25,25,25,30
/en-us/resources/resource-910/,50,25,25,25,25,30
/en-us/resources/resource-938/,50,25,25,25,25,30
/en-us/resources/resource-723/,50,25,25,25,25,30
/en-us/resources/resource-737/,50,25,25,25,25,30
/en-us/resources/resource-284/,50,25,25,25,25,30
/en-us/resources/resource-290/,50,25,25,25,25,30
/en-us/resources/resource-509/,50,25,25,25,25,30
/en-us/resources/resource-247/,50,25,25,25,25,30
/en-us/resources/resource-521/,50,25,25,25,25,30
/en-us/resources/resource-535/,50,25,25,25,25,30
/en-us/resources/resource-253/,50,25,25,25,25,30
/en-us/resources/resource-68/,50,25,25,25,25,30
/en-us/resources/resource-40/,50,25,25,25,25,30
/en-us/resources/resource-496/,50,25,25,25,25,30
/en-us/resources/resource-482/,50,25,25,25,25,30
/en-us/resources/resource-54/,50,25,25,25,25,30
/en-us/resources/resource-469/,50,25,25,25,25,30
/en-us/resources/resource-333/,50,25,25,25,25,30
/en-us/resources/resource-83/,50,25,25,25,25,30
/en-us/resources/resource-455/,50,25,25,25,25,30
/en-us/resources/resource-441/,50,25,25,25,25,30
/en-us/resources/resource-97/,50,25,25,25,25,30
/en-us/resources/resource-327/,50,25,25,25,25,30
/en-us/resources/resource-870/,50,25,25,25,25,30
/en-us/resources/resource-864/,50,25,25,25,25,30
/en-us/resources/resource-694/,50,25,25,25,25,30
/en-us/resources/resource-858/,50,25,25,25,25,30
/en-us/resources/resource-680/,50,25,25,25,25,30
/en-us/resources/resource-119/,50,25,25,25,25,30
/en-us/resources/resource-657/,50,25,25,25,25,30
/en-us/resources/resource-131/,50,25,25,25,25,30
/en-us/resources/resource-125/,50,25,25,25,25,30
/en-us/resources/resource-643/,50,25,25,25,25,30
/en-us/resources/resource-133/,50,25,25,25,25,30
/en-us/resources/resource-655/,50,25,25,25,25,30
/en-us/resources/resource-899/,50,25,25,25,25,30
/en-us/resources/resource-641/,50,25,25,25,25,30
/en-us/resources/resource-127/,50,25,25,25,25,30
/en-us/resources/resource-669/,50,25,25,25,25,30
/en-us/resources/resource-696/,50,25,25,25,25,30
/en-us/resources/resource-682/,50,25,25,25,25,30
/en-us/resources/resource-872/,50,25,25,25,25,30
/en-us/resources/resource-866/,50,25,25,25,25,30
/en-us/resources/resource-457/,50,25,25,25,25,30
/en-us/resources/resource-81/,50,25,25,25,25,30
/en-us/resources/resource-331/,50,25,25,25,25,30
/en-us/resources/resource-325/,50,25,25,25,25,30
/en-us/resources/resource-95/,50,25,25,25,25,30
/en-us/resources/resource-443/,50,25,25,25,25,30
/en-us/resources/resource-319/,50,25,25,25,25,30
/en-us/resources/resource-494/,50,25,25,25,25,30
/en-us/resources/resource-42/,50,25,25,25,25,30
/en-us/resources/resource-56/,50,25,25,25,25,30
/en-us/resources/resource-480/,50,25,25,25,25,30
/en-us/resources/resource-523/,50,25,25,25,25,30
/en-us/resources/resource-245/,50,25,25,25,25,30
/en-us/resources/resource-251/,50,25,25,25,25,30
/en-us/resources/resource-537/,50,25,25,25,25,30
/en-us/resources/resource-279/,50,25,25,25,25,30
/en-us/resources/resource-286/,50,25,25,25,25,30
/en-us/resources/resource-292/,50,25,25,25,25,30
/en-us/resources/resource-721/,50,25,25,25,25,30
/en-us/resources/resource-735/,50,25,25,25,25,30
/en-us/resources/resource-709/,50,25,25,25,25,30
/en-us/resources/resource-906/,50,25,25,25,25,30
/en-us/resources/resource-912/,50,25,25,25,25,30
/en-us/resources/resource-913/,50,25,25,25,25,30
/en-us/resources/resource-907/,50,25,25,25,25,30
/en-us/resources/resource-708/,50,25,25,25,25,30
/en-us/resources/resource-734/,50,25,25,25,25,30
/en-us/resources/resource-720/,50,25,25,25,25,30
/en-us/resources/resource-293/,50,25,25,25,25,30
/en-us/resources/resource-287/,50,25,25,25,25,30
/en-us/resources/resource-278/,50,25,25,25,25,30
/en-us/resources/resource-250/,50,25,25,25,25,30
/en-us/resources/resource-536/,50,25,25,25,25,30
/en-us/resources/resource-522/,50,25,25,25,25,30
/en-us/resources/resource-244/,50,25,25,25,25,30
/en-us/resources/resource-481/,50,25,25,25,25,30
/en-us/resources/resource-57/,50,25,25,25,25,30
/en-us/resources/resource-43/,50,25,25,25,25,30
/en-us/resources/resource-495/,50,25,25,25,25,30
/en-us/resources/resource-318/,50,25,25,25,25,30
/en-us/resources/resource-324/,50,25,25,25,25,30
/en-us/resources/resource-442/,50,25,25,25,25,30
/en-us/resources/resource-94/,50,25,25,25,25,30
/en-us/resources/resource-80/,50,25,25,25,25,30
/en-us/resources/resource-456/,50,25,25,25,25,30
/en-us/resources/resource-330/,50,25,25,25,25,30
/en-us/resources/resource-867/,50,25,25,25,25,30
/en-us/resources/resource-873/,50,25,25,25,25,30
/en-us/resources/resource-683/,50,25,25,25,25,30
/en-us/resources/resource-697/,50,25,25,25,25,30
/en-us/resources/resource-668/,50,25,25,25,25,30
/en-us/resources/resource-640/,50,25,25,25,25,30
/en-us/resources/resource-898/,50,25,25,25,25,30
/en-us/resources/resource-126/,50,25,25,25,25,30
/en-us/resources/resource-132/,50,25,25,25,25,30
/en-us/resources/resource-654/,50,25,25,25,25,30
/en-us/resources/resource-169/,50,25,25,25,25,30
/en-us/resources/resource-155/,50,25,25,25,25,30
/en-us/resources/resource-633/,50,25,25,25,25,30
/en-us/resources/resource-627/,50,25,25,25,25,30
/en-us/resources/resource-141/,50,25,25,25,25,30
/en-us/resources/resource-814/,50,25,25,25,25,30
/en-us/resources/resource-800/,50,25,25,25,25,30
/en-us/resources/resource-196/,50,25,25,25,25,30
/en-us/resources/resource-828/,50,25,25,25,25,30
/en-us/resources/resource-182/,50,25,25,25,25,30
/en-us/resources/resource-419/,50,25,25,25,25,30
/en-us/resources/resource-431/,50,25,25,25,25,30
/en-us/resources/resource-357/,50,25,25,25,25,30
/en-us/resources/resource-343/,50,25,25,25,25,30
/en-us/resources/resource-425/,50,25,25,25,25,30
/en-us/resources/resource-18/,50,25,25,25,25,30
/en-us/resources/resource-24/,50,25,25,25,25,30
/en-us/resources/resource-394/,50,25,25,25,25,30
/en-us/resources/resource-380/,50,25,25,25,25,30
/en-us/resources/resource-30/,50,25,25,25,25,30
/en-us/resources/resource-579/,50,25,25,25,25,30
/en-us/resources/resource-545/,50,25,25,25,25,30
/en-us/resources/resource-223/,50,25,25,25,25,30
/en-us/resources/resource-237/,50,25,25,25,25,30
/en-us/resources/resource-551/,50,25,25,25,25,30
/en-us/resources/resource-586/,50,25,25,25,25,30
/en-us/resources/resource-592/,50,25,25,25,25,30
/en-us/resources/resource-747/,50,25,25,25,25,30
/en-us/resources/resource-753/,50,25,25,25,25,30
/en-us/resources/resource-960/,50,25,25,25,25,30
/en-us/resources/resource-974/,50,25,25,25,25,30
/en-us/resources/resource-784/,50,25,25,25,25,30
/en-us/resources/resource-948/,50,25,25,25,25,30
/en-us/resources/resource-790/,50,25,25,25,25,30
/en-us/resources/resource-791/,50,25,25,25,25,30
/en-us/resources/resource-949/,50,25,25,25,25,30
/en-us/resources/resource-785/,50,25,25,25,25,30
/en-us/resources/resource-975/,50,25,25,25,25,30
/en-us/resources/resource-961/,50,25,25,25,25,30
/en-us/resources/resource-752/,50,25,25,25,25,30
/en-us/resources/resource-746/,50,25,25,25,25,30
/en-us/resources/resource-593/,50,25,25,25,25,30
/en-us/resources/resource-587/,50,25,25,25,25,30
/en-us/resources/resource-236/,50,25,25,25,25,30
/en-us/resources/resource-550/,50,25,25,25,25,30
/en-us/resources/resource-544/,50,25,25,25,25,30
/en-us/resources/resource-222/,50,25,25,25,25,30
/en-us/resources/resource-578/,50,25,25,25,25,30
/en-us/resources/resource-381/,50,25,25,25,25,30
/en-us/resources/resource-31/,50,25,25,25,25,30
/en-us/resources/resource-25/,50,25,25,25,25,30
/en-us/resources/resource-395/,50,25,25,25,25,30
/en-us/resources/resource-19/,50,25,25,25,25,30
/en-us/resources/resource-342/,50,25,25,25,25,30
/en-us/resources/resource-424/,50,25,25,25,25,30
/en-us/resources/resource-430/,50,25,25,25,25,30
/en-us/resources/resource-356/,50,25,25,25,25,30
/en-us/resources/resource-418/,50,25,25,25,25,30
/en-us/resources/resource-183/,50,25,25,25,25,30
/en-us/resources/resource-197/,50,25,25,25,25,30
/en-us/resources/resource-829/,50,25,25,25,25,30
/en-us/resources/resource-801/,50,25,25,25,25,30
/en-us/resources/resource-815/,50,25,25,25,25,30
/en-us/resources/resource-626/,50,25,25,25,25,30
/en-us/resources/resource-140/,50,25,25,25,25,30
/en-us/resources/resource-154/,50,25,25,25,25,30
/en-us/resources/resource-632/,50,25,25,25,25,30
/en-us/resources/resource-168/,50,25,25,25,25,30
/en-us/resources/resource-618/,50,25,25,25,25,30
/en-us/resources/resource-142/,50,25,25,25,25,30
/en-us/resources/resource-624/,50,25,25,25,25,30
/en-us/resources/resource-630/,50,25,25,25,25,30
/en-us/resources/resource-156/,50,25,25,25,25,30
/en-us/resources/resource-803/,50,25,25,25,25,30
/en-us/resources/resource-817/,50,25,25,25,25,30
/en-us/resources/resource-181/,50,25,25,25,25,30
/en-us/resources/resource-195/,50,25,25,25,25,30
/en-us/resources/resource-368/,50,25,25,25,25,30
/en-us/resources/resource-426/,50,25,25,25,25,30
/en-us/resources/resource-340/,50,25,25,25,25,30
/en-us/resources/resource-354/,50,25,25,25,25,30
/en-us/resources/resource-432/,50,25,25,25,25,30
/en-us/resources/resource-33/,50,25,25,25,25,30
/en-us/resources/resource-383/,50,25,25,25,25,30
/en-us/resources/resource-397/,50,25,25,25,25,30
/en-us/resources/resource-27/,50,25,25,25,25,30
/en-us/resources/resource-208/,50,25,25,25,25,30
/en-us/resources/resource-552/,50,25,25,25,25,30
/en-us/resources/resource-234/,50,25,25,25,25,30
/en-us/resources/resource-220/,50,25,25,25,25,30
/en-us/resources/resource-546/,50,25,25,25,25,30
/en-us/resources/resource-591/,50,25,25,25,25,30
/en-us/resources/resource-585/,50,25,25,25,25,30
/en-us/resources/resource-778/,50,25,25,25,25,30
/en-us/resources/resource-750/,50,25,25,25,25,30
/en-us/resources/resource-988/,50,25,25,25,25,30
/en-us/resources/resource-744/,50,25,25,25,25,30
/en-us/resources/resource-977/,50,25,25,25,25,30
/en-us/resources/resource-963/,50,25,25,25,25,30
/en-us/resources/resource-793/,50,25,25,25,25,30
/en-us/resources/resource-787/,50,25,25,25,25,30
/en-us/resources/resource-786/,50,25,25,25,25,30
/en-us/resources/resource-792/,50,25,25,25,25,30
/en-us/resources/resource-962/,50,25,25,25,25,30
/en-us/resources/resource-976/,50,25,25,25,25,30
/en-us/resources/resource-745/,50,25,25,25,25,30
/en-us/resources/resource-989/,50,25,25,25,25,30
/en-us/resources/resource-751/,50,25,25,25,25,30
/en-us/resources/resource-779/,50,25,25,25,25,30
/en-us/resources/resource-584/,50,25,25,25,25,30
/en-us/resources/resource-590/,50,25,25,25,25,30
/en-us/resources/resource-221/,50,25,25,25,25,30
/en-us/resources/resource-547/,50,25,25,25,25,30
/en-us/resources/resource-553/,50,25,25,25,25,30
/en-us/resources/resource-235/,50,25,25,25,25,30
/en-us/resources/resource-209/,50,25,25,25,25,30
/en-us/resources/resource-396/,50,25,25,25,25,30
/en-us/resources/resource-26/,50,25,25,25,25,30
/en-us/resources/resource-32/,50,25,25,25,25,30
/en-us/resources/resource-382/,50,25,25,25,25,30
/en-us/resources/resource-355/,50,25,25,25,25,30
/en-us/resources/resource-433/,50,25,25,25,25,30
/en-us/resources/resource-427/,50,25,25,25,25,30
/en-us/resources/resource-341/,50,25,25,25,25,30
/en-us/resources/resource-369/,50,25,25,25,25,30
/en-us/resources/resource-194/,50,25,25,25,25,30
/en-us/resources/resource-180/,50,25,25,25,25,30
/en-us/resources/resource-816/,50,25,25,25,25,30
/en-us/resources/resource-802/,50,25,25,25,25,30
/en-us/resources/resource-631/,50,25,25,25,25,30
/en-us/resources/resource-157/,50,25,25,25,25,30
/en-us/resources/resource-143/,50,25,25,25,25,30
/en-us/resources/resource-625/,50,25,25,25,25,30
/en-us/resources/resource-619/,50,25,25,25,25,30
/en-us/resources/resource-621/,50,25,25,25,25,30
/en-us/resources/resource-147/,50,25,25,25,25,30
/en-us/resources/resource-153/,50,25,25,25,25,30
/en-us/resources/resource-635/,50,25,25,25,25,30
/en-us/resources/resource-609/,50,25,25,25,25,30
/en-us/resources/resource-184/,50,25,25,25,25,30
/en-us/resources/resource-190/,50,25,25,25,25,30
/en-us/resources/resource-806/,50,25,25,25,25,30
/en-us/resources/resource-812/,50,25,25,25,25,30
/en-us/resources/resource-345/,50,25,25,25,25,30
/en-us/resources/resource-423/,50,25,25,25,25,30
/en-us/resources/resource-437/,50,25,25,25,25,30
/en-us/resources/resource-351/,50,25,25,25,25,30
/en-us/resources/resource-379/,50,25,25,25,25,30
/en-us/resources/resource-386/,50,25,25,25,25,30
/en-us/resources/resource-36/,50,25,25,25,25,30
/en-us/resources/resource-22/,50,25,25,25,25,30
/en-us/resources/resource-392/,50,25,25,25,25,30
/en-us/resources/resource-231/,50,25,25,25,25,30
/en-us/resources/resource-557/,50,25,25,25,25,30
/en-us/resources/resource-543/,50,25,25,25,25,30
/en-us/resources/resource-225/,50,25,25,25,25,30
/en-us/resources/resource-219/,50,25,25,25,25,30
/en-us/resources/resource-594/,50,25,25,25,25,30
/en-us/resources/resource-580/,50,25,25,25,25,30
/en-us/resources/resource-755/,50,25,25,25,25,30
/en-us/resources/resource-741/,50,25,25,25,25,30
/en-us/resources/resource-999/,50,25,25,25,25,30
/en-us/resources/resource-769/,50,25,25,25,25,30
/en-us/resources/resource-796/,50,25,25,25,25,30
/en-us/resources/resource-782/,50,25,25,25,25,30
/en-us/resources/resource-972/,50,25,25,25,25,30
/en-us/resources/resource-966/,50,25,25,25,25,30
/en-us/resources/resource-967/,50,25,25,25,25,30
/en-us/resources/resource-973/,50,25,25,25,25,30
/en-us/resources/resource-783/,50,25,25,25,25,30
/en-us/resources/resource-797/,50,25,25,25,25,30
/en-us/resources/resource-768/,50,25,25,25,25,30
/en-us/resources/resource-998/,50,25,25,25,25,30
/en-us/resources/resource-740/,50,25,25,25,25,30
/en-us/resources/resource-754/,50,25,25,25,25,30
/en-us/resources/resource-581/,50,25,25,25,25,30
/en-us/resources/resource-595/,50,25,25,25,25,30
/en-us/resources/resource-218/,50,25,25,25,25,30
/en-us/resources/resource-542/,50,25,25,25,25,30
/en-us/resources/resource-224/,50,25,25,25,25,30
/en-us/resources/resource-230/,50,25,25,25,25,30
/en-us/resources/resource-556/,50,25,25,25,25,30
/en-us/resources/resource-23/,50,25,25,25,25,30
/en-us/resources/resource-393/,50,25,25,25,25,30
/en-us/resources/resource-387/,50,25,25,25,25,30
/en-us/resources/resource-37/,50,25,25,25,25,30
/en-us/resources/resource-378/,50,25,25,25,25,30
/en-us/resources/resource-436/,50,25,25,25,25,30
/en-us/resources/resource-350/,50,25,25,25,25,30
/en-us/resources/resource-344/,50,25,25,25,25,30
/en-us/resources/resource-422/,50,25,25,25,25,30
/en-us/resources/resource-813/,50,25,25,25,25,30
/en-us/resources/resource-807/,50,25,25,25,25,30
/en-us/resources/resource-191/,50,25,25,25,25,30
/en-us/resources/resource-185/,50,25,25,25,25,30
/en-us/resources/resource-608/,50,25,25,25,25,30
/en-us/resources/resource-152/,50,25,25,25,25,30
/en-us/resources/resource-634/,50,25,25,25,25,30
/en-us/resources/resource-620/,50,25,25,25,25,30
/en-us/resources/resource-146/,50,25,25,25,25,30
/en-us/resources/resource-636/,50,25,25,25,25,30
/en-us/resources/resource-150/,50,25,25,25,25,30
/en-us/resources/resource-144/,50,25,25,25,25,30
/en-us/resources/resource-622/,50,25,25,25,25,30
/en-us/resources/resource-178/,50,25,25,25,25,30
/en-us/resources/resource-193/,50,25,25,25,25,30
/en-us/resources/resource-187/,50,25,25,25,25,30
/en-us/resources/resource-839/,50,25,25,25,25,30
/en-us/resources/resource-811/,50,25,25,25,25,30
/en-us/resources/resource-805/,50,25,25,25,25,30
/en-us/resources/resource-352/,50,25,25,25,25,30
/en-us/resources/resource-434/,50,25,25,25,25,30
/en-us/resources/resource-420/,50,25,25,25,25,30
/en-us/resources/resource-346/,50,25,25,25,25,30
/en-us/resources/resource-408/,50,25,25,25,25,30
/en-us/resources/resource-391/,50,25,25,25,25,30
/en-us/resources/resource-21/,50,25,25,25,25,30
/en-us/resources/resource-35/,50,25,25,25,25,30
/en-us/resources/resource-385/,50,25,25,25,25,30
/en-us/resources/resource-226/,50,25,25,25,25,30
/en-us/resources/resource-540/,50,25,25,25,25,30
/en-us/resources/resource-554/,50,25,25,25,25,30
/en-us/resources/resource-232/,50,25,25,25,25,30
/en-us/resources/resource-568/,50,25,25,25,25,30
/en-us/resources/resource-583/,50,25,25,25,25,30
/en-us/resources/resource-597/,50,25,25,25,25,30
/en-us/resources/resource-742/,50,25,25,25,25,30
/en-us/resources/resource-756/,50,25,25,25,25,30
/en-us/resources/resource-959/,50,25,25,25,25,30
/en-us/resources/resource-781/,50,25,25,25,25,30
/en-us/resources/resource-795/,50,25,25,25,25,30
/en-us/resources/resource-965/,50,25,25,25,25,30
/en-us/resources/resource-971/,50,25,25,25,25,30
/en-us/resources/resource-970/,50,25,25,25,25,30
/en-us/resources/resource-964/,50,25,25,25,25,30
/en-us/resources/resource-794/,50,25,25,25,25,30
/en-us/resources/resource-780/,50,25,25,25,25,30
/en-us/resources/resource-958/,50,25,25,25,25,30
/en-us/resources/resource-757/,50,25,25,25,25,30
/en-us/resources/resource-743/,50,25,25,25,25,30
/en-us/resources/resource-596/,50,25,25,25,25,30
/en-us/resources/resource-582/,50,25,25,25,25,30
/en-us/resources/resource-569/,50,25,25,25,25,30
/en-us/resources/resource-555/,50,25,25,25,25,30
/en-us/resources/resource-233/,50,25,25,25,25,30
/en-us/resources/resource-227/,50,25,25,25,25,30
/en-us/resources/resource-541/,50,25,25,25,25,30
/en-us/resources/resource-34/,50,25,25,25,25,30
/en-us/resources/resource-384/,50,25,25,25,25,30
/en-us/resources/resource-390/,50,25,25,25,25,30
/en-us/resources/resource-20/,50,25,25,25,25,30
/en-us/resources/resource-409/,50,25,25,25,25,30
/en-us/resources/resource-421/,50,25,25,25,25,30
/en-us/resources/resource-347/,50,25,25,25,25,30
/en-us/resources/resource-353/,50,25,25,25,25,30
/en-us/resources/resource-435/,50,25,25,25,25,30
/en-us/resources/resource-804/,50,25,25,25,25,30
/en-us/resources/resource-810/,50,25,25,25,25,30
/en-us/resources/resource-186/,50,25,25,25,25,30
/en-us/resources/resource-838/,50,25,25,25,25,30
/en-us/resources/resource-192/,50,25,25,25,25,30
/en-us/resources/resource-179/,50,25,25,25,25,30
/en-us/resources/resource-145/,50,25,25,25,25,30
/en-us/resources/resource-623/,50,25,25,25,25,30
/en-us/resources/resource-637/,50,25,25,25,25,30
/en-us/resources/resource-151/,50,25,25,25,25,30
/en-us/resources/resource-148/,50,25,25,25,25,30
/en-us/resources/resource-174/,50,25,25,25,25,30
/en-us/resources/resource-612/,50,25,25,25,25,30
/en-us/resources/resource-606/,50,25,25,25,25,30
/en-us/resources/resource-160/,50,25,25,25,25,30
/en-us/resources/resource-835/,50,25,25,25,25,30
/en-us/resources/resource-821/,50,25,25,25,25,30
/en-us/resources/resource-809/,50,25,25,25,25,30
/en-us/resources/resource-438/,50,25,25,25,25,30
/en-us/resources/resource-410/,50,25,25,25,25,30
/en-us/resources/resource-376/,50,25,25,25,25,30
/en-us/resources/resource-362/,50,25,25,25,25,30
/en-us/resources/resource-404/,50,25,25,25,25,30
/en-us/resources/resource-39/,50,25,25,25,25,30
/en-us/resources/resource-389/,50,25,25,25,25,30
/en-us/resources/resource-11/,50,25,25,25,25,30
/en-us/resources/resource-558/,50,25,25,25,25,30
/en-us/resources/resource-564/,50,25,25,25,25,30
/en-us/resources/resource-202/,50,25,25,25,25,30
/en-us/resources/resource-216/,50,25,25,25,25,30
/en-us/resources/resource-570/,50,25,25,25,25,30
/en-us/resources/resource-982/,50,25,25,25,25,30
/en-us/resources/resource-996/,50,25,25,25,25,30
/en-us/resources/resource-766/,50,25,25,25,25,30
/en-us/resources/resource-772/,50,25,25,25,25,30
/en-us/resources/resource-941/,50,25,25,25,25,30
/en-us/resources/resource-799/,50,25,25,25,25,30
/en-us/resources/resource-955/,50,25,25,25,25,30
/en-us/resources/resource-969/,50,25,25,25,25,30
/en-us/resources/resource-968/,50,25,25,25,25,30
/en-us/resources/resource-954/,50,25,25,25,25,30
/en-us/resources/resource-798/,50,25,25,25,25,30
/en-us/resources/resource-940/,50,25,25,25,25,30
/en-us/resources/resource-773/,50,25,25,25,25,30
/en-us/resources/resource-767/,50,25,25,25,25,30
/en-us/resources/resource-997/,50,25,25,25,25,30
/en-us/resources/resource-983/,50,25,25,25,25,30
/en-us/resources/resource-217/,50,25,25,25,25,30
/en-us/resources/resource-571/,50,25,25,25,25,30
/en-us/resources/resource-565/,50,25,25,25,25,30
/en-us/resources/resource-203/,50,25,25,25,25,30
/en-us/resources/resource-559/,50,25,25,25,25,30
/en-us/resources/resource-10/,50,25,25,25,25,30
/en-us/resources/resource-38/,50,25,25,25,25,30
/en-us/resources/resource-388/,50,25,25,25,25,30
/en-us/resources/resource-363/,50,25,25,25,25,30
/en-us/resources/resource-405/,50,25,25,25,25,30
/en-us/resources/resource-411/,50,25,25,25,25,30
/en-us/resources/resource-377/,50,25,25,25,25,30
/en-us/resources/resource-439/,50,25,25,25,25,30
/en-us/resources/resource-808/,50,25,25,25,25,30
/en-us/resources/resource-820/,50,25,25,25,25,30
/en-us/resources/resource-834/,50,25,25,25,25,30
/en-us/resources/resource-607/,50,25,25,25,25,30
/en-us/resources/resource-161/,50,25,25,25,25,30
/en-us/resources/resource-175/,50,25,25,25,25,30
/en-us/resources/resource-613/,50,25,25,25,25,30
/en-us/resources/resource-149/,50,25,25,25,25,30
/en-us/resources/resource-639/,50,25,25,25,25,30
/en-us/resources/resource-163/,50,25,25,25,25,30
/en-us/resources/resource-605/,50,25,25,25,25,30
/en-us/resources/resource-611/,50,25,25,25,25,30
/en-us/resources/resource-177/,50,25,25,25,25,30
/en-us/resources/resource-822/,50,25,25,25,25,30
/en-us/resources/resource-836/,50,25,25,25,25,30
/en-us/resources/resource-188/,50,25,25,25,25,30
/en-us/resources/resource-349/,50,25,25,25,25,30
/en-us/resources/resource-407/,50,25,25,25,25,30
/en-us/resources/resource-361/,50,25,25,25,25,30
/en-us/resources/resource-375/,50,25,25,25,25,30
/en-us/resources/resource-413/,50,25,25,25,25,30
/en-us/resources/resource-12/,50,25,25,25,25,30
/en-us/resources/resource-229/,50,25,25,25,25,30
/en-us/resources/resource-573/,50,25,25,25,25,30
/en-us/resources/resource-215/,50,25,25,25,25,30
/en-us/resources/resource-201/,50,25,25,25,25,30
/en-us/resources/resource-567/,50,25,25,25,25,30
/en-us/resources/resource-598/,50,25,25,25,25,30
/en-us/resources/resource-995/,50,25,25,25,25,30
/en-us/resources/resource-759/,50,25,25,25,25,30
/en-us/resources/resource-981/,50,25,25,25,25,30
/en-us/resources/resource-771/,50,25,25,25,25,30
/en-us/resources/resource-765/,50,25,25,25,25,30
/en-us/resources/resource-956/,50,25,25,25,25,30
/en-us/resources/resource-942/,50,25,25,25,25,30
/en-us/resources/resource-943/,50,25,25,25,25,30
/en-us/resources/resource-957/,50,25,25,25,25,30
/en-us/resources/resource-764/,50,25,25,25,25,30
/en-us/resources/resource-770/,50,25,25,25,25,30
/en-us/resources/resource-980/,50,25,25,25,25,30
/en-us/resources/resource-758/,50,25,25,25,25,30
/en-us/resources/resource-994/,50,25,25,25,25,30
/en-us/resources/resource-599/,50,25,25,25,25,30
/en-us/resources/resource-200/,50,25,25,25,25,30
/en-us/resources/resource-566/,50,25,25,25,25,30
/en-us/resources/resource-572/,50,25,25,25,25,30
/en-us/resources/resource-214/,50,25,25,25,25,30
/en-us/resources/resource-228/,50,25,25,25,25,30
/en-us/resources/resource-13/,50,25,25,25,25,30
/en-us/resources/resource-374/,50,25,25,25,25,30
/en-us/resources/resource-412/,50,25,25,25,25,30
/en-us/resources/resource-406/,50,25,25,25,25,30
/en-us/resources/resource-360/,50,25,25,25,25,30
/en-us/resources/resource-348/,50,25,25,25,25,30
/en-us/resources/resource-837/,50,25,25,25,25,30
/en-us/resources/resource-189/,50,25,25,25,25,30
/en-us/resources/resource-823/,50,25,25,25,25,30
/en-us/resources/resource-610/,50,25,25,25,25,30
/en-us/resources/resource-176/,50,25,25,25,25,30
/en-us/resources/resource-162/,50,25,25,25,25,30
/en-us/resources/resource-604/,50,25,25,25,25,30
/en-us/resources/resource-638/,50,25,25,25,25,30
/en-us/resources/resource-600/,50,25,25,25,25,30
/en-us/resources/resource-166/,50,25,25,25,25,30
/en-us/resources/resource-172/,50,25,25,25,25,30
/en-us/resources/resource-614/,50,25,25,25,25,30
/en-us/resources/resource-628/,50,25,25,25,25,30
/en-us/resources/resource-827/,50,25,25,25,25,30
/en-us/resources/resource-1000/,50,25,25,25,25,30
/en-us/resources/resource-199/,50,25,25,25,25,30
/en-us/resources/resource-833/,50,25,25,25,25,30
/en-us/resources/resource-364/,50,25,25,25,25,30
/en-us/resources/resource-402/,50,25,25,25,25,30
/en-us/resources/resource-416/,50,25,25,25,25,30
/en-us/resources/resource-370/,50,25,25,25,25,30
/en-us/resources/resource-358/,50,25,25,25,25,30
/en-us/resources/resource-17/,50,25,25,25,25,30
/en-us/resources/resource-210/,50,25,25,25,25,30
/en-us/resources/resource-576/,50,25,25,25,25,30
/en-us/resources/resource-562/,50,25,25,25,25,30
/en-us/resources/resource-204/,50,25,25,25,25,30
/en-us/resources/resource-238/,50,25,25,25,25,30
/en-us/resources/resource-589/,50,25,25,25,25,30
/en-us/resources/resource-774/,50,25,25,25,25,30
/en-us/resources/resource-760/,50,25,25,25,25,30
/en-us/resources/resource-748/,50,25,25,25,25,30
/en-us/resources/resource-990/,50,25,25,25,25,30
/en-us/resources/resource-984/,50,25,25,25,25,30
/en-us/resources/resource-953/,50,25,25,25,25,30
/en-us/resources/resource-947/,50,25,25,25,25,30
/en-us/resources/resource-946/,50,25,25,25,25,30
/en-us/resources/resource-952/,50,25,25,25,25,30
/en-us/resources/resource-985/,50,25,25,25,25,30
/en-us/resources/resource-991/,50,25,25,25,25,30
/en-us/resources/resource-749/,50,25,25,25,25,30
/en-us/resources/resource-761/,50,25,25,25,25,30
/en-us/resources/resource-775/,50,25,25,25,25,30
/en-us/resources/resource-588/,50,25,25,25,25,30
/en-us/resources/resource-239/,50,25,25,25,25,30
/en-us/resources/resource-563/,50,25,25,25,25,30
/en-us/resources/resource-205/,50,25,25,25,25,30
/en-us/resources/resource-211/,50,25,25,25,25,30
/en-us/resources/resource-577/,50,25,25,25,25,30
/en-us/resources/resource-16/,50,25,25,25,25,30
/en-us/resources/resource-359/,50,25,25,25,25,30
/en-us/resources/resource-417/,50,25,25,25,25,30
/en-us/resources/resource-371/,50,25,25,25,25,30
/en-us/resources/resource-365/,50,25,25,25,25,30
/en-us/resources/resource-403/,50,25,25,25,25,30
/en-us/resources/resource-832/,50,25,25,25,25,30
/en-us/resources/resource-826/,50,25,25,25,25,30
/en-us/resources/resource-198/,50,25,25,25,25,30
/en-us/resources/resource-629/,50,25,25,25,25,30
/en-us/resources/resource-173/,50,25,25,25,25,30
/en-us/resources/resource-615/,50,25,25,25,25,30
/en-us/resources/resource-601/,50,25,25,25,25,30
/en-us/resources/resource-167/,50,25,25,25,25,30
/en-us/resources/resource-617/,50,25,25,25,25,30
/en-us/resources/resource-171/,50,25,25,25,25,30
/en-us/resources/resource-165/,50,25,25,25,25,30
/en-us/resources/resource-603/,50,25,25,25,25,30
/en-us/resources/resource-159/,50,25,25,25,25,30
/en-us/resources/resource-818/,50,25,25,25,25,30
/en-us/resources/resource-830/,50,25,25,25,25,30
/en-us/resources/resource-824/,50,25,25,25,25,30
/en-us/resources/resource-373/,50,25,25,25,25,30
/en-us/resources/resource-415/,50,25,25,25,25,30
/en-us/resources/resource-401/,50,25,25,25,25,30
/en-us/resources/resource-367/,50,25,25,25,25,30
/en-us/resources/resource-429/,50,25,25,25,25,30
/en-us/resources/resource-14/,50,25,25,25,25,30
/en-us/resources/resource-28/,50,25,25,25,25,30
/en-us/resources/resource-398/,50,25,25,25,25,30
/en-us/resources/resource-207/,50,25,25,25,25,30
/en-us/resources/resource-561/,50,25,25,25,25,30
/en-us/resources/resource-575/,50,25,25,25,25,30
/en-us/resources/resource-213/,50,25,25,25,25,30
/en-us/resources/resource-549/,50,25,25,25,25,30
/en-us/resources/resource-763/,50,25,25,25,25,30
/en-us/resources/resource-777/,50,25,25,25,25,30
/en-us/resources/resource-987/,50,25,25,25,25,30
/en-us/resources/resource-993/,50,25,25,25,25,30
/en-us/resources/resource-978/,50,25,25,25,25,30
/en-us/resources/resource-944/,50,25,25,25,25,30
/en-us/resources/resource-950/,50,25,25,25,25,30
/en-us/resources/resource-788/,50,25,25,25,25,30
/en-us/resources/resource-789/,50,25,25,25,25,30
/en-us/resources/resource-951/,50,25,25,25,25,30
/en-us/resources/resource-945/,50,25,25,25,25,30
/en-us/resources/resource-979/,50,25,25,25,25,30
/en-us/resources/resource-992/,50,25,25,25,25,30
/en-us/resources/resource-986/,50,25,25,25,25,30
/en-us/resources/resource-776/,50,25,25,25,25,30
/en-us/resources/resource-762/,50,25,25,25,25,30
/en-us/resources/resource-548/,50,25,25,25,25,30
/en-us/resources/resource-574/,50,25,25,25,25,30
/en-us/resources/resource-212/,50,25,25,25,25,30
/en-us/resources/resource-206/,50,25,25,25,25,30
/en-us/resources/resource-560/,50,25,25,25,25,30
/en-us/resources/resource-29/,50,25,25,25,25,30
/en-us/resources/resource-399/,50,25,25,25,25,30
/en-us/resources/resource-15/,50,25,25,25,25,30
/en-us/resources/resource-428/,50,25,25,25,25,30
/en-us/resources/resource-400/,50,25,25,25,25,30
/en-us/resources/resource-366/,50,25,25,25,25,30
/en-us/resources/resource-372/,50,25,25,25,25,30
/en-us/resources/resource-414/,50,25,25,25,25,30
/en-us/resources/resource-825/,50,25,25,25,25,30
/en-us/resources/resource-831/,50,25,25,25,25,30
/en-us/resources/resource-819/,50,25,25,25,25,30
/en-us/resources/resource-158/,50,25,25,25,25,30
/en-us/resources/resource-164/,50,25,25,25,25,30
/en-us/resources/resource-602/,50,25,25,25,25,30
/en-us/resources/resource-616/,50,25,25,25,25,30
/en-us/resources/resource-170/,50,25,25,25,25,30
/en-us/resources/resource-895/,50,25,25,25,25,30
/en-us/resources/resource-881/,50,25,25,25,25,30
/en-us/resources/resource-659/,50,25,25,25,25,30
/en-us/resources/resource-671/,50,25,25,25,25,30
/en-us/resources/resource-117/,50,25,25,25,25,30
/en-us/resources/resource-103/,50,25,25,25,25,30
/en-us/resources/resource-665/,50,25,25,25,25,30
/en-us/resources/resource-856/,50,25,25,25,25,30
/en-us/resources/resource-842/,50,25,25,25,25,30
/en-us/resources/resource-329/,50,25,25,25,25,30
/en-us/resources/resource-99/,50,25,25,25,25,30
/en-us/resources/resource-3/,50,25,25,25,25,30
/en-us/resources/resource-315/,50,25,25,25,25,30
/en-us/resources/resource-473/,50,25,25,25,25,30
/en-us/resources/resource-467/,50,25,25,25,25,30
/en-us/resources/resource-301/,50,25,25,25,25,30
/en-us/resources/resource-498/,50,25,25,25,25,30
/en-us/resources/resource-66/,50,25,25,25,25,30
/en-us/resources/resource-72/,50,25,25,25,25,30
/en-us/resources/resource-249/,50,25,25,25,25,30
/en-us/resources/resource-261/,50,25,25,25,25,30
/en-us/resources/resource-507/,50,25,25,25,25,30
/en-us/resources/resource-513/,50,25,25,25,25,30
/en-us/resources/resource-275/,50,25,25,25,25,30
/en-us/resources/resource-739/,50,25,25,25,25,30
/en-us/resources/resource-705/,50,25,25,25,25,30
/en-us/resources/resource-711/,50,25,25,25,25,30
/en-us/resources/resource-922/,50,25,25,25,25,30
/en-us/resources/resource-936/,50,25,25,25,25,30
/en-us/resources/resource-937/,50,25,25,25,25,30
/en-us/resources/resource-923/,50,25,25,25,25,30
/en-us/resources/resource-710/,50,25,25,25,25,30
/en-us/resources/resource-704/,50,25,25,25,25,30
/en-us/resources/resource-738/,50,25,25,25,25,30
/en-us/resources/resource-512/,50,25,25,25,25,30
/en-us/resources/resource-274/,50,25,25,25,25,30
/en-us/resources/resource-260/,50,25,25,25,25,30
/en-us/resources/resource-506/,50,25,25,25,25,30
/en-us/resources/resource-248/,50,25,25,25,25,30
/en-us/resources/resource-73/,50,25,25,25,25,30
/en-us/resources/resource-67/,50,25,25,25,25,30
/en-us/resources/resource-499/,50,25,25,25,25,30
/en-us/resources/resource-466/,50,25,25,25,25,30
/en-us/resources/resource-300/,50,25,25,25,25,30
/en-us/resources/resource-314/,50,25,25,25,25,30
/en-us/resources/resource-472/,50,25,25,25,25,30
/en-us/resources/resource-2/,50,25,25,25,25,30
/en-us/resources/resource-328/,50,25,25,25,25,30
/en-us/resources/resource-98/,50,25,25,25,25,30
/en-us/resources/resource-843/,50,25,25,25,25,30
/en-us/resources/resource-857/,50,25,25,25,25,30
/en-us/resources/resource-102/,50,25,25,25,25,30
/en-us/resources/resource-664/,50,25,25,25,25,30
/en-us/resources/resource-670/,50,25,25,25,25,30
/en-us/resources/resource-116/,50,25,25,25,25,30
/en-us/resources/resource-658/,50,25,25,25,25,30
/en-us/resources/resource-880/,50,25,25,25,25,30
/en-us/resources/resource-894/,50,25,25,25,25,30
/en-us/resources/resource-882/,50,25,25,25,25,30
/en-us/resources/resource-128/,50,25,25,25,25,30
/en-us/resources/resource-896/,50,25,25,25,25,30
/en-us/resources/resource-666/,50,25,25,25,25,30
/en-us/resources/resource-100/,50,25,25,25,25,30
/en-us/resources/resource-114/,50,25,25,25,25,30
/en-us/resources/resource-672/,50,25,25,25,25,30
/en-us/resources/resource-699/,50,25,25,25,25,30
/en-us/resources/resource-841/,50,25,25,25,25,30
/en-us/resources/resource-855/,50,25,25,25,25,30
/en-us/resources/resource-869/,50,25,25,25,25,30
/en-us/resources/resource-458/,50,25,25,25,25,30
/en-us/resources/resource-302/,50,25,25,25,25,30
/en-us/resources/resource-464/,50,25,25,25,25,30
/en-us/resources/resource-470/,50,25,25,25,25,30
/en-us/resources/resource-316/,50,25,25,25,25,30
/en-us/resources/resource-59/,50,25,25,25,25,30
/en-us/resources/resource-71/,50,25,25,25,25,30
/en-us/resources/resource-65/,50,25,25,25,25,30
/en-us/resources/resource-538/,50,25,25,25,25,30
/en-us/resources/resource-276/,50,25,25,25,25,30
/en-us/resources/resource-510/,50,25,25,25,25,30
/en-us/resources/resource-504/,50,25,25,25,25,30
/en-us/resources/resource-262/,50,25,25,25,25,30
/en-us/resources/resource-289/,50,25,25,25,25,30
/en-us/resources/resource-712/,50,25,25,25,25,30
/en-us/resources/resource-706/,50,25,25,25,25,30
/en-us/resources/resource-935/,50,25,25,25,25,30
/en-us/resources/resource-921/,50,25,25,25,25,30
/en-us/resources/resource-909/,50,25,25,25,25,30
/en-us/resources/resource-908/,50,25,25,25,25,30
/en-us/resources/resource-920/,50,25,25,25,25,30
/en-us/resources/resource-934/,50,25,25,25,25,30
/en-us/resources/resource-707/,50,25,25,25,25,30
/en-us/resources/resource-713/,50,25,25,25,25,30
/en-us/resources/resource-288/,50,25,25,25,25,30
/en-us/resources/resource-505/,50,25,25,25,25,30
/en-us/resources/resource-263/,50,25,25,25,25,30
/en-us/resources/resource-277/,50,25,25,25,25,30
/en-us/resources/resource-511/,50,25,25,25,25,30
/en-us/resources/resource-539/,50,25,25,25,25,30
/en-us/resources/resource-64/,50,25,25,25,25,30
/en-us/resources/resource-70/,50,25,25,25,25,30
/en-us/resources/resource-58/,50,25,25,25,25,30
/en-us/resources/resource-471/,50,25,25,25,25,30
/en-us/resources/resource-317/,50,25,25,25,25,30
/en-us/resources/resource-303/,50,25,25,25,25,30
/en-us/resources/resource-465/,50,25,25,25,25,30
/en-us/resources/resource-459/,50,25,25,25,25,30
/en-us/resources/resource-1/,50,25,25,25,25,30
/en-us/resources/resource-868/,50,25,25,25,25,30
/en-us/resources/resource-854/,50,25,25,25,25,30
/en-us/resources/resource-840/,50,25,25,25,25,30
/en-us/resources/resource-698/,50,25,25,25,25,30
/en-us/resources/resource-115/,50,25,25,25,25,30
/en-us/resources/resource-673/,50,25,25,25,25,30
/en-us/resources/resource-667/,50,25,25,25,25,30
/en-us/resources/resource-101/,50,25,25,25,25,30
/en-us/resources/resource-129/,50,25,25,25,25,30
/en-us/resources/resource-897/,50,25,25,25,25,30
/en-us/resources/resource-883/,50,25,25,25,25,30
/en-us/resources/resource-105/,50,25,25,25,25,30
/en-us/resources/resource-663/,50,25,25,25,25,30
/en-us/resources/resource-677/,50,25,25,25,25,30
/en-us/resources/resource-111/,50,25,25,25,25,30
/en-us/resources/resource-139/,50,25,25,25,25,30
/en-us/resources/resource-887/,50,25,25,25,25,30
/en-us/resources/resource-893/,50,25,25,25,25,30
/en-us/resources/resource-878/,50,25,25,25,25,30
/en-us/resources/resource-844/,50,25,25,25,25,30
/en-us/resources/resource-688/,50,25,25,25,25,30
/en-us/resources/resource-850/,50,25,25,25,25,30
/en-us/resources/resource-461/,50,25,25,25,25,30
/en-us/resources/resource-307/,50,25,25,25,25,30
/en-us/resources/resource-313/,50,25,25,25,25,30
/en-us/resources/resource-475/,50,25,25,25,25,30
/en-us/resources/resource-5/,50,25,25,25,25,30
/en-us/resources/resource-449/,50,25,25,25,25,30
/en-us/resources/resource-74/,50,25,25,25,25,30
/en-us/resources/resource-60/,50,25,25,25,25,30
/en-us/resources/resource-48/,50,25,25,25,25,30
/en-us/resources/resource-515/,50,25,25,25,25,30
/en-us/resources/resource-273/,50,25,25,25,25,30
/en-us/resources/resource-267/,50,25,25,25,25,30
/en-us/resources/resource-501/,50,25,25,25,25,30
/en-us/resources/resource-529/,50,25,25,25,25,30
/en-us/resources/resource-298/,50,25,25,25,25,30
/en-us/resources/resource-717/,50,25,25,25,25,30
/en-us/resources/resource-703/,50,25,25,25,25,30
/en-us/resources/resource-918/,50,25,25,25,25,30
/en-us/resources/resource-930/,50,25,25,25,25,30
/en-us/resources/resource-924/,50,25,25,25,25,30
/en-us/resources/resource-925/,50,25,25,25,25,30
/en-us/resources/resource-931/,50,25,25,25,25,30
/en-us/resources/resource-919/,50,25,25,25,25,30
/en-us/resources/resource-702/,50,25,25,25,25,30
/en-us/resources/resource-716/,50,25,25,25,25,30
/en-us/resources/resource-299/,50,25,25,25,25,30
/en-us/resources/resource-528/,50,25,25,25,25,30
/en-us/resources/resource-266/,50,25,25,25,25,30
/en-us/resources/resource-500/,50,25,25,25,25,30
/en-us/resources/resource-514/,50,25,25,25,25,30
/en-us/resources/resource-272/,50,25,25,25,25,30
/en-us/resources/resource-49/,50,25,25,25,25,30
/en-us/resources/resource-61/,50,25,25,25,25,30
/en-us/resources/resource-75/,50,25,25,25,25,30
/en-us/resources/resource-448/,50,25,25,25,25,30
/en-us/resources/resource-4/,50,25,25,25,25,30
/en-us/resources/resource-312/,50,25,25,25,25,30
/en-us/resources/resource-474/,50,25,25,25,25,30
/en-us/resources/resource-460/,50,25,25,25,25,30
/en-us/resources/resource-306/,50,25,25,25,25,30
/en-us/resources/resource-851/,50,25,25,25,25,30
/en-us/resources/resource-689/,50,25,25,25,25,30
/en-us/resources/resource-845/,50,25,25,25,25,30
/en-us/resources/resource-879/,50,25,25,25,25,30
/en-us/resources/resource-892/,50,25,25,25,25,30
/en-us/resources/resource-138/,50,25,25,25,25,30
/en-us/resources/resource-886/,50,25,25,25,25,30
/en-us/resources/resource-676/,50,25,25,25,25,30
/en-us/resources/resource-110/,50,25,25,25,25,30
/en-us/resources/resource-104/,50,25,25,25,25,30
/en-us/resources/resource-662/,50,25,25,25,25,30
/en-us/resources/resource-112/,50,25,25,25,25,30
/en-us/resources/resource-674/,50,25,25,25,25,30
/en-us/resources/resource-660/,50,25,25,25,25,30
/en-us/resources/resource-106/,50,25,25,25,25,30
/en-us/resources/resource-890/,50,25,25,25,25,30
/en-us/resources/resource-648/,50,25,25,25,25,30
/en-us/resources/resource-884/,50,25,25,25,25,30
/en-us/resources/resource-853/,50,25,25,25,25,30
/en-us/resources/resource-847/,50,25,25,25,25,30
/en-us/resources/resource-476/,50,25,25,25,25,30
/en-us/resources/resource-310/,50,25,25,25,25,30
/en-us/resources/resource-304/,50,25,25,25,25,30
/en-us/resources/resource-462/,50,25,25,25,25,30
/en-us/resources/resource-338/,50,25,25,25,25,30
/en-us/resources/resource-6/,50,25,25,25,25,30
/en-us/resources/resource-88/,50,25,25,25,25,30
/en-us/resources/resource-63/,50,25,25,25,25,30
/en-us/resources/resource-77/,50,25,25,25,25,30
/en-us/resources/resource-489/,50,25,25,25,25,30
/en-us/resources/resource-502/,50,25,25,25,25,30
/en-us/resources/resource-264/,50,25,25,25,25,30
/en-us/resources/resource-270/,50,25,25,25,25,30
/en-us/resources/resource-516/,50,25,25,25,25,30
/en-us/resources/resource-258/,50,25,25,25,25,30
/en-us/resources/resource-700/,50,25,25,25,25,30
/en-us/resources/resource-714/,50,25,25,25,25,30
/en-us/resources/resource-728/,50,25,25,25,25,30
/en-us/resources/resource-927/,50,25,25,25,25,30
/en-us/resources/resource-933/,50,25,25,25,25,30
/en-us/resources/resource-932/,50,25,25,25,25,30
/en-us/resources/resource-926/,50,25,25,25,25,30
/en-us/resources/resource-729/,50,25,25,25,25,30
/en-us/resources/resource-715/,50,25,25,25,25,30
/en-us/resources/resource-701/,50,25,25,25,25,30
/en-us/resources/resource-259/,50,25,25,25,25,30
/en-us/resources/resource-271/,50,25,25,25,25,30
/en-us/resources/resource-517/,50,25,25,25,25,30
/en-us/resources/resource-503/,50,25,25,25,25,30
/en-us/resources/resource-265/,50,25,25,25,25,30
/en-us/resources/resource-488/,50,25,25,25,25,30
/en-us/resources/resource-76/,50,25,25,25,25,30
/en-us/resources/resource-62/,50,25,25,25,25,30
/en-us/resources/resource-339/,50,25,25,25,25,30
/en-us/resources/resource-89/,50,25,25,25,25,30
/en-us/resources/resource-7/,50,25,25,25,25,30
/en-us/resources/resource-305/,50,25,25,25,25,30
/en-us/resources/resource-463/,50,25,25,25,25,30
/en-us/resources/resource-477/,50,25,25,25,25,30
/en-us/resources/resource-311/,50,25,25,25,25,30
/en-us/resources/resource-846/,50,25,25,25,25,30
/en-us/resources/resource-852/,50,25,25,25,25,30
/en-us/resources/resource-885/,50,25,25,25,25,30
/en-us/resources/resource-649/,50,25,25,25,25,30
/en-us/resources/resource-891/,50,25,25,25,25,30
/en-us/resources/resource-661/,50,25,25,25,25,30
/en-us/resources/resource-107/,50,25,25,25,25,30
/en-us/resources/resource-113/,50,25,25,25,25,30
/en-us/resources/resource-675/,50,25,25,25,25,30
/en-us/industries/fintech/,50,25,25,25,25,30
/en-us/industries/travel/,50,25,25,25,25,30
/en-us/industries/hospitality/,50,25,25,25,25,30
/en-us/industries/saas/,50,25,25,25,25,30
/en-us/industries/ecommerce/,50,25,25,25,25,30
/en-us/industries/consulting/,50,25,25,25,25,30
/en-us/industries/retail/,50,25,25,25,25,30
/en-us/industries/healthcare/,50,25,25,25,25,30
/en-us/industries/real-estate/,50,25,25,25,25,30
/en-us/industries/entertainment/,50,25,25,25,25,30
/en-us/industries/automotive/,50,25,25,25,25,30
/en-us/industries/education/,50,25,25,25,25,30
/en-us/industries/legal/,50,25,25,25,25,30
/en-us/industries/manufacturing/,50,25,25,25,25,30
/en-us/industries/media/,50,25,25,25,25,30
/en-us/docs/prechunking-seo/doctrine/,25,25,50,0,50,30
/en-us/docs/prechunking-seo/precogs/,25,25,50,0,50,30
/en-us/docs/prechunking-seo/croutons/,25,25,50,0,50,30
/en-us/docs/prechunking-seo/core-concepts/,25,25,50,0,50,30
/en-us/docs/prechunking-seo/measurement/,25,25,50,0,50,30
/en-us/docs/prechunking-seo/failure-modes/,25,25,50,0,50,30
/en-us/docs/prechunking-seo/workflow/,25,25,50,0,50,30
/en-us/careers/career_city/,50,50,25,0,25,30
/en-us/glossary/compression-integrity/,50,25,50,0,25,30
/en-us/glossary/confidence-band-filtering/,50,25,50,0,25,30
/en-us/insights/geo16-results/,0,50,25,0,50,25
/en-us/insights/ocrplus-data-ingestion/,0,25,50,0,50,25
/en-us/insights/ontology-based-search/,0,25,50,0,50,25
/en-us/insights/how-llm-strategists-influence-retrieval/,50,25,25,0,25,25
/en-us/insights/seo-landscape-analysis/,0,25,50,0,50,25
/en-us/insights/glossary-llm-strategist/,50,50,25,0,0,25
/en-us/insights/geo16-framework/,0,25,50,0,50,25
/en-us/insights/llm-search-strategy-framework/,50,0,50,0,25,25
/en-us/insights/geo16-introduction/,0,25,50,0,50,25
/en-us/products/croutons-ai/,0,25,50,0,50,25
/en-us/products/precogs/,0,25,50,0,50,25
/en-us/products/googlebot-renderer-lab/,0,25,50,0,50,25
/en-us/about/llm-strategy-team/,50,25,50,0,0,25
/en-us/insights/geo16-methodology/,0,25,25,0,50,20
/en-us/insights/semantic-drift-tracking/,0,25,25,0,50,20
/en-us/insights/how-to-become-an-llm-strategist/,50,0,25,0,25,20
/en-us/insights/llm-strategist-faq/,50,25,25,0,0,20
/en-us/insights/ai-search-roles/,50,0,25,0,25,20
/en-us/insights/llm-strategist-vs-seo-strategist/,50,0,25,0,25,20
/en-us/products/ourcasa-ai/,0,25,25,0,50,20
/en-us/demo/progress-demo/,0,0,25,0,50,15
/en-us/insights/industry-insights/,0,25,0,0,50,15
/en-us/insights/article/,0,0,25,0,0,5
