canonical_url,locale,href
https://nrlc.ai/careers/new-york/schema-engineer/,de-de,https://nrlc.ai/de-de/careers/new-york/schema-engineer/
https://nrlc.ai/careers/new-york/schema-engineer/,en-gb,https://nrlc.ai/en-gb/careers/new-york/schema-engineer/
https://nrlc.ai/careers/new-york/schema-engineer/,en-us,https://nrlc.ai/en-us/careers/new-york/schema-engineer/
https://nrlc.ai/careers/new-york/schema-engineer/,es-es,https://nrlc.ai/es-es/careers/new-york/schema-engineer/
https://nrlc.ai/careers/new-york/schema-engineer/,fr-fr,https://nrlc.ai/fr-fr/careers/new-york/schema-engineer/
https://nrlc.ai/careers/new-york/schema-engineer/,ko-kr,https://nrlc.ai/ko-kr/careers/new-york/schema-engineer/
https://nrlc.ai/careers/seoul/technical-writer/,de-de,https://nrlc.ai/de-de/careers/seoul/technical-writer/
https://nrlc.ai/careers/seoul/technical-writer/,en-gb,https://nrlc.ai/en-gb/careers/seoul/technical-writer/
https://nrlc.ai/careers/seoul/technical-writer/,en-us,https://nrlc.ai/en-us/careers/seoul/technical-writer/
https://nrlc.ai/careers/seoul/technical-writer/,es-es,https://nrlc.ai/es-es/careers/seoul/technical-writer/
https://nrlc.ai/careers/seoul/technical-writer/,fr-fr,https://nrlc.ai/fr-fr/careers/seoul/technical-writer/
https://nrlc.ai/careers/seoul/technical-writer/,ko-kr,https://nrlc.ai/ko-kr/careers/seoul/technical-writer/
https://nrlc.ai/careers/tokyo/llm-strategist/,de-de,https://nrlc.ai/de-de/careers/tokyo/llm-strategist/
https://nrlc.ai/careers/tokyo/llm-strategist/,en-gb,https://nrlc.ai/en-gb/careers/tokyo/llm-strategist/
https://nrlc.ai/careers/tokyo/llm-strategist/,en-us,https://nrlc.ai/en-us/careers/tokyo/llm-strategist/
https://nrlc.ai/careers/tokyo/llm-strategist/,es-es,https://nrlc.ai/es-es/careers/tokyo/llm-strategist/
https://nrlc.ai/careers/tokyo/llm-strategist/,fr-fr,https://nrlc.ai/fr-fr/careers/tokyo/llm-strategist/
https://nrlc.ai/careers/tokyo/llm-strategist/,ko-kr,https://nrlc.ai/ko-kr/careers/tokyo/llm-strategist/
https://nrlc.ai/de-de/,de-de,https://nrlc.ai/de-de
https://nrlc.ai/de-de/,en-gb,https://nrlc.ai/en-gb
https://nrlc.ai/de-de/,en-us,https://nrlc.ai/en-us
https://nrlc.ai/de-de/,es-es,https://nrlc.ai/es-es
https://nrlc.ai/de-de/,fr-fr,https://nrlc.ai/fr-fr
https://nrlc.ai/de-de/,ko-kr,https://nrlc.ai/ko-kr
https://nrlc.ai/de-de/careers/london/llm-strategist/,de-de,https://nrlc.ai/de-de/careers/london/llm-strategist
https://nrlc.ai/de-de/careers/london/llm-strategist/,en-gb,https://nrlc.ai/en-gb/careers/london/llm-strategist
https://nrlc.ai/de-de/careers/london/llm-strategist/,en-us,https://nrlc.ai/en-us/careers/london/llm-strategist
https://nrlc.ai/de-de/careers/london/llm-strategist/,es-es,https://nrlc.ai/es-es/careers/london/llm-strategist
https://nrlc.ai/de-de/careers/london/llm-strategist/,fr-fr,https://nrlc.ai/fr-fr/careers/london/llm-strategist
https://nrlc.ai/de-de/careers/london/llm-strategist/,ko-kr,https://nrlc.ai/ko-kr/careers/london/llm-strategist
https://nrlc.ai/de-de/careers/seoul/seo-specialist/,de-de,https://nrlc.ai/de-de/careers/seoul/seo-specialist
https://nrlc.ai/de-de/careers/seoul/seo-specialist/,en-gb,https://nrlc.ai/en-gb/careers/seoul/seo-specialist
https://nrlc.ai/de-de/careers/seoul/seo-specialist/,en-us,https://nrlc.ai/en-us/careers/seoul/seo-specialist
https://nrlc.ai/de-de/careers/seoul/seo-specialist/,es-es,https://nrlc.ai/es-es/careers/seoul/seo-specialist
https://nrlc.ai/de-de/careers/seoul/seo-specialist/,fr-fr,https://nrlc.ai/fr-fr/careers/seoul/seo-specialist
https://nrlc.ai/de-de/careers/seoul/seo-specialist/,ko-kr,https://nrlc.ai/ko-kr/careers/seoul/seo-specialist
https://nrlc.ai/de-de/careers/tokyo/llm-strategist/,de-de,https://nrlc.ai/de-de/careers/tokyo/llm-strategist
https://nrlc.ai/de-de/careers/tokyo/llm-strategist/,en-gb,https://nrlc.ai/en-gb/careers/tokyo/llm-strategist
https://nrlc.ai/de-de/careers/tokyo/llm-strategist/,en-us,https://nrlc.ai/en-us/careers/tokyo/llm-strategist
https://nrlc.ai/de-de/careers/tokyo/llm-strategist/,es-es,https://nrlc.ai/es-es/careers/tokyo/llm-strategist
https://nrlc.ai/de-de/careers/tokyo/llm-strategist/,fr-fr,https://nrlc.ai/fr-fr/careers/tokyo/llm-strategist
https://nrlc.ai/de-de/careers/tokyo/llm-strategist/,ko-kr,https://nrlc.ai/ko-kr/careers/tokyo/llm-strategist
https://nrlc.ai/de-de/insights/geo16-framework/,de-de,https://nrlc.ai/de-de/insights/geo16-framework
https://nrlc.ai/de-de/insights/geo16-framework/,en-gb,https://nrlc.ai/en-gb/insights/geo16-framework
https://nrlc.ai/de-de/insights/geo16-framework/,en-us,https://nrlc.ai/en-us/insights/geo16-framework
https://nrlc.ai/de-de/insights/geo16-framework/,es-es,https://nrlc.ai/es-es/insights/geo16-framework
https://nrlc.ai/de-de/insights/geo16-framework/,fr-fr,https://nrlc.ai/fr-fr/insights/geo16-framework
https://nrlc.ai/de-de/insights/geo16-framework/,ko-kr,https://nrlc.ai/ko-kr/insights/geo16-framework
https://nrlc.ai/de-de/insights/geo16-implications/,de-de,https://nrlc.ai/de-de/insights/geo16-implications
https://nrlc.ai/de-de/insights/geo16-implications/,en-gb,https://nrlc.ai/en-gb/insights/geo16-implications
https://nrlc.ai/de-de/insights/geo16-implications/,en-us,https://nrlc.ai/en-us/insights/geo16-implications
https://nrlc.ai/de-de/insights/geo16-implications/,es-es,https://nrlc.ai/es-es/insights/geo16-implications
https://nrlc.ai/de-de/insights/geo16-implications/,fr-fr,https://nrlc.ai/fr-fr/insights/geo16-implications
https://nrlc.ai/de-de/insights/geo16-implications/,ko-kr,https://nrlc.ai/ko-kr/insights/geo16-implications
https://nrlc.ai/de-de/insights/geo16-introduction/,de-de,https://nrlc.ai/de-de/insights/geo16-introduction
https://nrlc.ai/de-de/insights/geo16-introduction/,en-gb,https://nrlc.ai/en-gb/insights/geo16-introduction
https://nrlc.ai/de-de/insights/geo16-introduction/,en-us,https://nrlc.ai/en-us/insights/geo16-introduction
https://nrlc.ai/de-de/insights/geo16-introduction/,es-es,https://nrlc.ai/es-es/insights/geo16-introduction
https://nrlc.ai/de-de/insights/geo16-introduction/,fr-fr,https://nrlc.ai/fr-fr/insights/geo16-introduction
https://nrlc.ai/de-de/insights/geo16-introduction/,ko-kr,https://nrlc.ai/ko-kr/insights/geo16-introduction
https://nrlc.ai/de-de/insights/llm-ontology-generation/,de-de,https://nrlc.ai/de-de/insights/llm-ontology-generation
https://nrlc.ai/de-de/insights/llm-ontology-generation/,en-gb,https://nrlc.ai/en-gb/insights/llm-ontology-generation
https://nrlc.ai/de-de/insights/llm-ontology-generation/,en-us,https://nrlc.ai/en-us/insights/llm-ontology-generation
https://nrlc.ai/de-de/insights/llm-ontology-generation/,es-es,https://nrlc.ai/es-es/insights/llm-ontology-generation
https://nrlc.ai/de-de/insights/llm-ontology-generation/,fr-fr,https://nrlc.ai/fr-fr/insights/llm-ontology-generation
https://nrlc.ai/de-de/insights/llm-ontology-generation/,ko-kr,https://nrlc.ai/ko-kr/insights/llm-ontology-generation
https://nrlc.ai/de-de/services/agentic-seo/new-york/,de-de,https://nrlc.ai/de-de/services/agentic-seo/new-york
https://nrlc.ai/de-de/services/agentic-seo/new-york/,en-gb,https://nrlc.ai/en-gb/services/agentic-seo/new-york
https://nrlc.ai/de-de/services/agentic-seo/new-york/,en-us,https://nrlc.ai/en-us/services/agentic-seo/new-york
https://nrlc.ai/de-de/services/agentic-seo/new-york/,es-es,https://nrlc.ai/es-es/services/agentic-seo/new-york
https://nrlc.ai/de-de/services/agentic-seo/new-york/,fr-fr,https://nrlc.ai/fr-fr/services/agentic-seo/new-york
https://nrlc.ai/de-de/services/agentic-seo/new-york/,ko-kr,https://nrlc.ai/ko-kr/services/agentic-seo/new-york
https://nrlc.ai/de-de/services/agentic-seo/singapore/,de-de,https://nrlc.ai/de-de/services/agentic-seo/singapore
https://nrlc.ai/de-de/services/agentic-seo/singapore/,en-gb,https://nrlc.ai/en-gb/services/agentic-seo/singapore
https://nrlc.ai/de-de/services/agentic-seo/singapore/,en-us,https://nrlc.ai/en-us/services/agentic-seo/singapore
https://nrlc.ai/de-de/services/agentic-seo/singapore/,es-es,https://nrlc.ai/es-es/services/agentic-seo/singapore
https://nrlc.ai/de-de/services/agentic-seo/singapore/,fr-fr,https://nrlc.ai/fr-fr/services/agentic-seo/singapore
https://nrlc.ai/de-de/services/agentic-seo/singapore/,ko-kr,https://nrlc.ai/ko-kr/services/agentic-seo/singapore
https://nrlc.ai/de-de/services/analytics/new-york/,de-de,https://nrlc.ai/de-de/services/analytics/new-york
https://nrlc.ai/de-de/services/analytics/new-york/,en-gb,https://nrlc.ai/en-gb/services/analytics/new-york
https://nrlc.ai/de-de/services/analytics/new-york/,en-us,https://nrlc.ai/en-us/services/analytics/new-york
https://nrlc.ai/de-de/services/analytics/new-york/,es-es,https://nrlc.ai/es-es/services/analytics/new-york
https://nrlc.ai/de-de/services/analytics/new-york/,fr-fr,https://nrlc.ai/fr-fr/services/analytics/new-york
https://nrlc.ai/de-de/services/analytics/new-york/,ko-kr,https://nrlc.ai/ko-kr/services/analytics/new-york
https://nrlc.ai/de-de/services/copilot-optimization/newcastle/,de-de,https://nrlc.ai/de-de/services/copilot-optimization/newcastle
https://nrlc.ai/de-de/services/copilot-optimization/newcastle/,en-gb,https://nrlc.ai/en-gb/services/copilot-optimization/newcastle
https://nrlc.ai/de-de/services/copilot-optimization/newcastle/,en-us,https://nrlc.ai/en-us/services/copilot-optimization/newcastle
https://nrlc.ai/de-de/services/copilot-optimization/newcastle/,es-es,https://nrlc.ai/es-es/services/copilot-optimization/newcastle
https://nrlc.ai/de-de/services/copilot-optimization/newcastle/,fr-fr,https://nrlc.ai/fr-fr/services/copilot-optimization/newcastle
https://nrlc.ai/de-de/services/copilot-optimization/newcastle/,ko-kr,https://nrlc.ai/ko-kr/services/copilot-optimization/newcastle
https://nrlc.ai/de-de/services/crawl-clarity/seoul/,de-de,https://nrlc.ai/de-de/services/crawl-clarity/seoul
https://nrlc.ai/de-de/services/crawl-clarity/seoul/,en-gb,https://nrlc.ai/en-gb/services/crawl-clarity/seoul
https://nrlc.ai/de-de/services/crawl-clarity/seoul/,en-us,https://nrlc.ai/en-us/services/crawl-clarity/seoul
https://nrlc.ai/de-de/services/crawl-clarity/seoul/,es-es,https://nrlc.ai/es-es/services/crawl-clarity/seoul
https://nrlc.ai/de-de/services/crawl-clarity/seoul/,fr-fr,https://nrlc.ai/fr-fr/services/crawl-clarity/seoul
https://nrlc.ai/de-de/services/crawl-clarity/seoul/,ko-kr,https://nrlc.ai/ko-kr/services/crawl-clarity/seoul
https://nrlc.ai/de-de/services/crawl-clarity/toronto/,de-de,https://nrlc.ai/de-de/services/crawl-clarity/toronto
https://nrlc.ai/de-de/services/crawl-clarity/toronto/,en-gb,https://nrlc.ai/en-gb/services/crawl-clarity/toronto
https://nrlc.ai/de-de/services/crawl-clarity/toronto/,en-us,https://nrlc.ai/en-us/services/crawl-clarity/toronto
https://nrlc.ai/de-de/services/crawl-clarity/toronto/,es-es,https://nrlc.ai/es-es/services/crawl-clarity/toronto
https://nrlc.ai/de-de/services/crawl-clarity/toronto/,fr-fr,https://nrlc.ai/fr-fr/services/crawl-clarity/toronto
https://nrlc.ai/de-de/services/crawl-clarity/toronto/,ko-kr,https://nrlc.ai/ko-kr/services/crawl-clarity/toronto
https://nrlc.ai/de-de/services/international-seo/new-york/,de-de,https://nrlc.ai/de-de/services/international-seo/new-york
https://nrlc.ai/de-de/services/international-seo/new-york/,en-gb,https://nrlc.ai/en-gb/services/international-seo/new-york
https://nrlc.ai/de-de/services/international-seo/new-york/,en-us,https://nrlc.ai/en-us/services/international-seo/new-york
https://nrlc.ai/de-de/services/international-seo/new-york/,es-es,https://nrlc.ai/es-es/services/international-seo/new-york
https://nrlc.ai/de-de/services/international-seo/new-york/,fr-fr,https://nrlc.ai/fr-fr/services/international-seo/new-york
https://nrlc.ai/de-de/services/international-seo/new-york/,ko-kr,https://nrlc.ai/ko-kr/services/international-seo/new-york
https://nrlc.ai/de-de/services/international-seo/singapore/,de-de,https://nrlc.ai/de-de/services/international-seo/singapore
https://nrlc.ai/de-de/services/international-seo/singapore/,en-gb,https://nrlc.ai/en-gb/services/international-seo/singapore
https://nrlc.ai/de-de/services/international-seo/singapore/,en-us,https://nrlc.ai/en-us/services/international-seo/singapore
https://nrlc.ai/de-de/services/international-seo/singapore/,es-es,https://nrlc.ai/es-es/services/international-seo/singapore
https://nrlc.ai/de-de/services/international-seo/singapore/,fr-fr,https://nrlc.ai/fr-fr/services/international-seo/singapore
https://nrlc.ai/de-de/services/international-seo/singapore/,ko-kr,https://nrlc.ai/ko-kr/services/international-seo/singapore
https://nrlc.ai/de-de/services/site-audits/london/,de-de,https://nrlc.ai/de-de/services/site-audits/london
https://nrlc.ai/de-de/services/site-audits/london/,en-gb,https://nrlc.ai/en-gb/services/site-audits/london
https://nrlc.ai/de-de/services/site-audits/london/,en-us,https://nrlc.ai/en-us/services/site-audits/london
https://nrlc.ai/de-de/services/site-audits/london/,es-es,https://nrlc.ai/es-es/services/site-audits/london
https://nrlc.ai/de-de/services/site-audits/london/,fr-fr,https://nrlc.ai/fr-fr/services/site-audits/london
https://nrlc.ai/de-de/services/site-audits/london/,ko-kr,https://nrlc.ai/ko-kr/services/site-audits/london