service,city,lastmod
crawl-clarity,new-york,2025-10-12
crawl-clarity,london,2025-10-12
crawl-clarity,seoul,2025-10-12
crawl-clarity,toronto,2025-10-12
crawl-clarity,singapore,2025-10-12
crawl-clarity,tokyo,2025-10-12
json-ld-strategy,new-york,2025-10-12
json-ld-strategy,london,2025-10-12
json-ld-strategy,seoul,2025-10-12
json-ld-strategy,toronto,2025-10-12
json-ld-strategy,singapore,2025-10-12
json-ld-strategy,tokyo,2025-10-12
llm-seeding,new-york,2025-10-12
llm-seeding,london,2025-10-12
llm-seeding,seoul,2025-10-12
llm-seeding,toronto,2025-10-12
llm-seeding,singapore,2025-10-12
llm-seeding,tokyo,2025-10-12
llm-optimization,new-york,2025-10-12
llm-optimization,london,2025-10-12
llm-optimization,seoul,2025-10-12
llm-optimization,toronto,2025-10-12
llm-optimization,singapore,2025-10-12
llm-optimization,tokyo,2025-10-12
agentic-seo,new-york,2025-10-12
agentic-seo,london,2025-10-12
agentic-seo,seoul,2025-10-12
agentic-seo,toronto,2025-10-12
agentic-seo,singapore,2025-10-12
agentic-seo,tokyo,2025-10-12
technical-seo,new-york,2025-10-12
technical-seo,london,2025-10-12
technical-seo,seoul,2025-10-12
technical-seo,toronto,2025-10-12
technical-seo,singapore,2025-10-12
technical-seo,tokyo,2025-10-12
international-seo,new-york,2025-10-12
international-seo,london,2025-10-12
international-seo,seoul,2025-10-12
international-seo,toronto,2025-10-12
international-seo,singapore,2025-10-12
international-seo,tokyo,2025-10-12
site-audits,new-york,2025-10-12
site-audits,london,2025-10-12
site-audits,seoul,2025-10-12
site-audits,toronto,2025-10-12
site-audits,singapore,2025-10-12
site-audits,tokyo,2025-10-12
analytics,new-york,2025-10-12
analytics,london,2025-10-12
analytics,seoul,2025-10-12
analytics,toronto,2025-10-12
analytics,singapore,2025-10-12
analytics,tokyo,2025-10-12
training,new-york,2025-10-12
training,london,2025-10-12
training,seoul,2025-10-12
training,toronto,2025-10-12
training,singapore,2025-10-12
training,tokyo,2025-10-12
